timestamp;experiment;tools;filesize(bytes);filesize(mb);os;ram(gb);type storage;process(mb/s)
0.027279376980000002;0.0;pandas;1106984.0;1.0557022090000001;linux;32;ssd nvme;38.69964514856747
0.02213263512;1.0;pandas;1106984.0;1.0557022090000001;linux;32;ssd nvme;47.69889365979843
0.021939277650000002;2.0;pandas;1106984.0;1.0557022090000001;linux;32;ssd nvme;48.11927839383536
0.022359371189999998;3.0;pandas;1106984.0;1.0557022090000001;linux;32;ssd nvme;47.21520118026182
0.02202773094;4.0;pandas;1106984.0;1.0557022090000001;linux;32;ssd nvme;47.92605338586908
0.02246832848;5.0;pandas;1106984.0;1.0557022090000001;linux;32;ssd nvme;46.98623709101123
0.022949457169999996;6.0;pandas;1106984.0;1.0557022090000001;linux;32;ssd nvme;46.001184306007715
0.021738052369999997;7.0;pandas;1106984.0;1.0557022090000001;linux;32;ssd nvme;48.56470998556161
0.02285146713;8.0;pandas;1106984.0;1.0557022090000001;linux;32;ssd nvme;46.1984433206937
0.022202491759999998;9.0;pandas;1106984.0;1.0557022090000001;linux;32;ssd nvme;47.54881661084333
0.0457201004;0.0;pandas;2226488.0;2.123344421;linux;32;ssd nvme;46.442251929088066
0.04332709312;1.0;pandas;2226488.0;2.123344421;linux;32;ssd nvme;49.0073131635931
0.0430123806;2.0;pandas;2226488.0;2.123344421;linux;32;ssd nvme;49.365889341172625
0.04370903968999999;3.0;pandas;2226488.0;2.123344421;linux;32;ssd nvme;48.57906822157411
0.04266190529;4.0;pandas;2226488.0;2.123344421;linux;32;ssd nvme;49.7714390992686
0.04356384277;5.0;pandas;2226488.0;2.123344421;linux;32;ssd nvme;48.74098073052062
0.04219818115;6.0;pandas;2226488.0;2.123344421;linux;32;ssd nvme;50.31838726537151
0.04323554039;7.0;pandas;2226488.0;2.123344421;linux;32;ssd nvme;49.11108781911076
0.04422235489;8.0;pandas;2226488.0;2.123344421;linux;32;ssd nvme;48.015182056262496
0.04774498940000001;9.0;pandas;2226488.0;2.123344421;linux;32;ssd nvme;44.472612680064806
0.1088058949;0.0;pandas;5580913.0;5.32237339;linux;32;ssd nvme;48.916222736751735
0.1064920425;1.0;pandas;5580913.0;5.32237339;linux;32;ssd nvme;49.97907134704455
0.10414910320000001;2.0;pandas;5580913.0;5.32237339;linux;32;ssd nvme;51.10340105165687
0.103464365;3.0;pandas;5580913.0;5.32237339;linux;32;ssd nvme;51.44160880898462
0.10503888130000001;4.0;pandas;5580913.0;5.32237339;linux;32;ssd nvme;50.67050718865567
0.1066086292;5.0;pandas;5580913.0;5.32237339;linux;32;ssd nvme;49.924414467567324
0.10742974279999999;6.0;pandas;5580913.0;5.32237339;linux;32;ssd nvme;49.54282912050312
0.10693025589999999;7.0;pandas;5580913.0;5.32237339;linux;32;ssd nvme;49.77425093770864
0.1046154499;8.0;pandas;5580913.0;5.32237339;linux;32;ssd nvme;50.87559624403049
0.10617780689999999;9.0;pandas;5580913.0;5.32237339;linux;32;ssd nvme;50.12698552921421
0.22741103170000002;0.0;pandas;11272914.0;10.75068855;linux;32;ssd nvme;47.274261365571206
0.2188048363;1.0;pandas;11272914.0;10.75068855;linux;32;ssd nvme;49.13368795587266
0.21854853629999998;2.0;pandas;11272914.0;10.75068855;linux;32;ssd nvme;49.19130885984342
0.21701598170000003;3.0;pandas;11272914.0;10.75068855;linux;32;ssd nvme;49.53869510339384
0.2179322243;4.0;pandas;11272914.0;10.75068855;linux;32;ssd nvme;49.330421806739665
0.2169039249;5.0;pandas;11272914.0;10.75068855;linux;32;ssd nvme;49.56428775992149
0.2170248032;6.0;pandas;11272914.0;10.75068855;linux;32;ssd nvme;49.53668148286564
0.22077035899999997;7.0;pandas;11272914.0;10.75068855;linux;32;ssd nvme;48.69624979864258
0.21962118149999998;8.0;pandas;11272914.0;10.75068855;linux;32;ssd nvme;48.95105506933993
0.21679186820000002;9.0;pandas;11272914.0;10.75068855;linux;32;ssd nvme;49.58990685057438
0.4505443573;0.0;pandas;22659207.0;21.60950375;linux;32;ssd nvme;47.96309930391841
0.43116450310000004;1.0;pandas;22659207.0;21.60950375;linux;32;ssd nvme;50.11893046535907
0.4391136169;2.0;pandas;22659207.0;21.60950375;linux;32;ssd nvme;49.2116457297683
0.43173766140000003;3.0;pandas;22659207.0;21.60950375;linux;32;ssd nvme;50.05239450254732
0.43462610240000005;4.0;pandas;22659207.0;21.60950375;linux;32;ssd nvme;49.71975597110386
0.4269459248;5.0;pandas;22659207.0;21.60950375;linux;32;ssd nvme;50.614146885516774
0.4276595116;6.0;pandas;22659207.0;21.60950375;linux;32;ssd nvme;50.52969281368837
0.4284391403;7.0;pandas;22659207.0;21.60950375;linux;32;ssd nvme;50.43774416797838
0.4275479317;8.0;pandas;22659207.0;21.60950375;linux;32;ssd nvme;50.54287986864327
0.42916011810000004;9.0;pandas;22659207.0;21.60950375;linux;32;ssd nvme;50.353010073887376
1.08836174;0.0;pandas;56802420.0;54.17100906;linux;32;ssd nvme;49.77298178453057
1.0636520390000002;1.0;pandas;56802420.0;54.17100906;linux;32;ssd nvme;50.92925794692149
1.055120468;2.0;pandas;56802420.0;54.17100906;linux;32;ssd nvme;51.34106550191576
1.0596055979999999;3.0;pandas;56802420.0;54.17100906;linux;32;ssd nvme;51.12374751723425
1.05746913;4.0;pandas;56802420.0;54.17100906;linux;32;ssd nvme;51.2270358757423
1.056557655;5.0;pandas;56802420.0;54.17100906;linux;32;ssd nvme;51.271228601339324
1.059628963;6.0;pandas;56802420.0;54.17100906;linux;32;ssd nvme;51.12262022985116
1.065791368;7.0;pandas;56802420.0;54.17100906;linux;32;ssd nvme;50.82702927276852
1.076648474;8.0;pandas;56802420.0;54.17100906;linux;32;ssd nvme;50.31448088041409
1.0948014259999999;9.0;pandas;56802420.0;54.17100906;linux;32;ssd nvme;49.480214195482795
2.220063686;0.0;pandas;114707510.0;109.3936062;linux;32;ssd nvme;49.27498561858824
2.138010979;1.0;pandas;114707510.0;109.3936062;linux;32;ssd nvme;51.16606382029247
2.113669395;2.0;pandas;114707510.0;109.3936062;linux;32;ssd nvme;51.75530594272525
2.10510993;3.0;pandas;114707510.0;109.3936062;linux;32;ssd nvme;51.965745180822935
2.10740447;4.0;pandas;114707510.0;109.3936062;linux;32;ssd nvme;51.9091649264652
2.1140394209999998;5.0;pandas;114707510.0;109.3936062;linux;32;ssd nvme;51.74624707246649
2.100196123;6.0;pandas;114707510.0;109.3936062;linux;32;ssd nvme;52.08732889371208
2.124948025;7.0;pandas;114707510.0;109.3936062;linux;32;ssd nvme;51.4806032491077
2.14008975;8.0;pandas;114707510.0;109.3936062;linux;32;ssd nvme;51.11636378801403
2.18039465;9.0;pandas;114707510.0;109.3936062;linux;32;ssd nvme;50.17147065555311
4.387550354;0.0;pandas;230530004.0;219.85054399999999;linux;32;ssd nvme;50.10781102479399
4.241898298;1.0;pandas;230530004.0;219.85054399999999;linux;32;ssd nvme;51.82833923756651
4.236800908999999;2.0;pandas;230530004.0;219.85054399999999;linux;32;ssd nvme;51.89069506027148
4.306921482;3.0;pandas;230530004.0;219.85054399999999;linux;32;ssd nvme;51.04586766181497
4.256042719;4.0;pandas;230530004.0;219.85054399999999;linux;32;ssd nvme;51.65609429119078
4.245759249;5.0;pandas;230530004.0;219.85054399999999;linux;32;ssd nvme;51.78120828489774
4.260775328;6.0;pandas;230530004.0;219.85054399999999;linux;32;ssd nvme;51.59871785663888
4.26457119;7.0;pandas;230530004.0;219.85054399999999;linux;32;ssd nvme;51.55279023493098
4.26297164;8.0;pandas;230530004.0;219.85054399999999;linux;32;ssd nvme;51.5721338460511
4.249083042;9.0;pandas;230530004.0;219.85054399999999;linux;32;ssd nvme;51.74070307096625
11.09924865;0.0;pandas;577978068.0;551.2028389;linux;32;ssd nvme;49.6612749458496
10.79673123;1.0;pandas;577978068.0;551.2028389;linux;32;ssd nvme;51.052751722522956
10.72835898;2.0;pandas;577978068.0;551.2028389;linux;32;ssd nvme;51.378112899425
10.70767903;3.0;pandas;577978068.0;551.2028389;linux;32;ssd nvme;51.47734045404982
10.78211975;4.0;pandas;577978068.0;551.2028389;linux;32;ssd nvme;51.12193628715726
10.66680217;5.0;pandas;577978068.0;551.2028389;linux;32;ssd nvme;51.67460970170031
10.68137336;6.0;pandas;577978068.0;551.2028389;linux;32;ssd nvme;51.60411684176911
10.68552136;7.0;pandas;577978068.0;551.2028389;linux;32;ssd nvme;51.584084700196605
10.6801548;8.0;pandas;577978068.0;551.2028389;linux;32;ssd nvme;51.610004650868916
10.75976896;9.0;pandas;577978068.0;551.2028389;linux;32;ssd nvme;51.22812961403959
21.93728709;0.0;pandas;1167076869.0;1113.011235;linux;32;ssd nvme;50.73604728031117
21.51100993;1.0;pandas;1167076869.0;1113.011235;linux;32;ssd nvme;51.7414681422166
21.53036189;2.0;pandas;1167076869.0;1113.011235;linux;32;ssd nvme;51.694961779390695
21.60284567;3.0;pandas;1167076869.0;1113.011235;linux;32;ssd nvme;51.521510267772044
21.54113984;4.0;pandas;1167076869.0;1113.011235;linux;32;ssd nvme;51.66909658760193
21.66974568;5.0;pandas;1167076869.0;1113.011235;linux;32;ssd nvme;51.362450276804545
21.58870673;6.0;pandas;1167076869.0;1113.011235;linux;32;ssd nvme;51.55525288846239
21.62048531;7.0;pandas;1167076869.0;1113.011235;linux;32;ssd nvme;51.479475092319284
21.60923457;8.0;pandas;1167076869.0;1113.011235;linux;32;ssd nvme;51.50627762378905
21.64653754;9.0;pandas;1167076869.0;1113.011235;linux;32;ssd nvme;51.41751806464656
44.51052618;0.0;pandas;2345261749.0;2236.615895;linux;32;ssd nvme;50.24914524611895
42.81200647;1.0;pandas;2345261749.0;2236.615895;linux;32;ssd nvme;52.24272533377481
42.85581779;2.0;pandas;2345261749.0;2236.615895;linux;32;ssd nvme;52.18931781817247
42.75229216;3.0;pandas;2345261749.0;2236.615895;linux;32;ssd nvme;52.31569541650512
42.74573827;4.0;pandas;2345261749.0;2236.615895;linux;32;ssd nvme;52.32371659772482
42.73706675;5.0;pandas;2345261749.0;2236.615895;linux;32;ssd nvme;52.33433328692358
42.75951147;6.0;pandas;2345261749.0;2236.615895;linux;32;ssd nvme;52.30686268642722
43.02761173;7.0;pandas;2345261749.0;2236.615895;linux;32;ssd nvme;51.98094444643721
42.77910447;8.0;pandas;2345261749.0;2236.615895;linux;32;ssd nvme;52.2829059352677
42.87596129999999;9.0;pandas;2345261749.0;2236.615895;linux;32;ssd nvme;52.164798810003596
88.68707037;0.0;pandas;4701612904.0;4483.8074719999995;linux;32;ssd nvme;50.55762303674796
88.80569935;1.0;pandas;4701612904.0;4483.8074719999995;linux;32;ssd nvme;50.49008683922942
88.44007254;2.0;pandas;4701612904.0;4483.8074719999995;linux;32;ssd nvme;50.69882173572445
85.6081512;3.0;pandas;4701612904.0;4483.8074719999995;linux;32;ssd nvme;52.375940948950195
86.37949419;4.0;pandas;4701612904.0;4483.8074719999995;linux;32;ssd nvme;51.90823949648783
86.16881108;5.0;pandas;4701612904.0;4483.8074719999995;linux;32;ssd nvme;52.035155363083604
86.25032759;6.0;pandas;4701612904.0;4483.8074719999995;linux;32;ssd nvme;51.98597613813422
85.8880136;7.0;pandas;4701612904.0;4483.8074719999995;linux;32;ssd nvme;52.20527619700358
85.48306394;8.0;pandas;4701612904.0;4483.8074719999995;linux;32;ssd nvme;52.45258259749738
85.72780275;9.0;pandas;4701612904.0;4483.8074719999995;linux;32;ssd nvme;52.30283908098881
0.19278717039999999;0.0;dask;1106984.0;1.0557022090000001;linux;32;ssd nvme;5.475998256572784
0.09528422356;1.0;dask;1106984.0;1.0557022090000001;linux;32;ssd nvme;11.079506864378546
0.08661079407;2.0;dask;1106984.0;1.0557022090000001;linux;32;ssd nvme;12.189037409664753
0.09195637703;3.0;dask;1106984.0;1.0557022090000001;linux;32;ssd nvme;11.48046762059347
0.1033716202;4.0;dask;1106984.0;1.0557022090000001;linux;32;ssd nvme;10.212689004559108
0.07736349106000001;5.0;dask;1106984.0;1.0557022090000001;linux;32;ssd nvme;13.64600012919841
0.08041238785;6.0;dask;1106984.0;1.0557022090000001;linux;32;ssd nvme;13.12860166482421
0.08969187736999999;7.0;dask;1106984.0;1.0557022090000001;linux;32;ssd nvme;11.770321237061204
0.076867342;8.0;dask;1106984.0;1.0557022090000001;linux;32;ssd nvme;13.734079799455015
0.09758090973;9.0;dask;1106984.0;1.0557022090000001;linux;32;ssd nvme;10.81873710668469
0.10581016539999999;0.0;dask;2226488.0;2.123344421;linux;32;ssd nvme;20.067489857642734
0.1147942543;1.0;dask;2226488.0;2.123344421;linux;32;ssd nvme;18.496957308080184
0.1094560623;2.0;dask;2226488.0;2.123344421;linux;32;ssd nvme;19.39905726902803
0.10833811759999999;3.0;dask;2226488.0;2.123344421;linux;32;ssd nvme;19.59923679715107
0.09514117241;4.0;dask;2226488.0;2.123344421;linux;32;ssd nvme;22.317829045134005
0.105701685;5.0;dask;2226488.0;2.123344421;linux;32;ssd nvme;20.08808488719929
0.1035804749;6.0;dask;2226488.0;2.123344421;linux;32;ssd nvme;20.499465976091987
0.10240960119999999;7.0;dask;2226488.0;2.123344421;linux;32;ssd nvme;20.733841320729606
0.09892416;8.0;dask;2226488.0;2.123344421;linux;32;ssd nvme;21.464366450015852
0.11038970949999999;9.0;dask;2226488.0;2.123344421;linux;32;ssd nvme;19.234985132377762
0.16872644420000002;0.0;dask;5580913.0;5.32237339;linux;32;ssd nvme;31.54439373884464
0.1759853363;1.0;dask;5580913.0;5.32237339;linux;32;ssd nvme;30.243277661083177
0.1819965839;2.0;dask;5580913.0;5.32237339;linux;32;ssd nvme;29.244358745351153
0.1788945198;3.0;dask;5580913.0;5.32237339;linux;32;ssd nvme;29.751461341299287
0.16935324670000002;4.0;dask;5580913.0;5.32237339;linux;32;ssd nvme;31.42764306980363
0.1803047657;5.0;dask;5580913.0;5.32237339;linux;32;ssd nvme;29.51876157758153
0.1858053207;6.0;dask;5580913.0;5.32237339;linux;32;ssd nvme;28.644892245004478
0.1835024357;7.0;dask;5580913.0;5.32237339;linux;32;ssd nvme;29.00437462694671
0.17667746539999998;8.0;dask;5580913.0;5.32237339;linux;32;ssd nvme;30.12480045460286
0.1675927639;9.0;dask;5580913.0;5.32237339;linux;32;ssd nvme;31.757775611217784
0.30921888350000004;0.0;dask;11272914.0;10.75068855;linux;32;ssd nvme;34.76724457547561
0.3033032417;1.0;dask;11272914.0;10.75068855;linux;32;ssd nvme;35.445346675963336
0.2928433418;2.0;dask;11272914.0;10.75068855;linux;32;ssd nvme;36.71139826474962
0.3007786274;3.0;dask;11272914.0;10.75068855;linux;32;ssd nvme;35.74286059794686
0.28562736510000003;4.0;dask;11272914.0;10.75068855;linux;32;ssd nvme;37.63886050006487
0.29196119309999996;5.0;dask;11272914.0;10.75068855;linux;32;ssd nvme;36.82232024006618
0.2982943058;6.0;dask;11272914.0;10.75068855;linux;32;ssd nvme;36.040542313295475
0.29882907870000003;7.0;dask;11272914.0;10.75068855;linux;32;ssd nvme;35.97604556012038
0.3021335602;8.0;dask;11272914.0;10.75068855;linux;32;ssd nvme;35.58256998290255
0.2891800404;9.0;dask;11272914.0;10.75068855;linux;32;ssd nvme;37.17645427785894
0.5203888416;0.0;dask;22659207.0;21.60950375;linux;32;ssd nvme;41.525686222554086
0.5232799053;1.0;dask;22659207.0;21.60950375;linux;32;ssd nvme;41.296261391140405
0.5027379989999999;2.0;dask;22659207.0;21.60950375;linux;32;ssd nvme;42.983629232291236
0.5225234032;3.0;dask;22659207.0;21.60950375;linux;32;ssd nvme;41.35604954277768
0.5171003342;4.0;dask;22659207.0;21.60950375;linux;32;ssd nvme;41.78976945244449
0.5223667622;5.0;dask;22659207.0;21.60950375;linux;32;ssd nvme;41.36845089260543
0.5071380138;6.0;dask;22659207.0;21.60950375;linux;32;ssd nvme;42.61069602745681
0.5060260296;7.0;dask;22659207.0;21.60950375;linux;32;ssd nvme;42.70433235832104
0.5144529342999999;8.0;dask;22659207.0;21.60950375;linux;32;ssd nvme;42.00482164496423
0.5162534714;9.0;dask;22659207.0;21.60950375;linux;32;ssd nvme;41.858321439269645
1.164476395;0.0;dask;56802420.0;54.17100906;linux;32;ssd nvme;46.51962830040878
1.172587395;1.0;dask;56802420.0;54.17100906;linux;32;ssd nvme;46.19784358162915
1.1397051809999998;2.0;dask;56802420.0;54.17100906;linux;32;ssd nvme;47.530721069872904
1.198297977;3.0;dask;56802420.0;54.17100906;linux;32;ssd nvme;45.20662648168687
1.179894924;4.0;dask;56802420.0;54.17100906;linux;32;ssd nvme;45.91172311882918
1.223722219;5.0;dask;56802420.0;54.17100906;linux;32;ssd nvme;44.2674066213061
1.230038881;6.0;dask;56802420.0;54.17100906;linux;32;ssd nvme;44.04007864853827
1.182964802;7.0;dask;56802420.0;54.17100906;linux;32;ssd nvme;45.79257892408535
1.133808374;8.0;dask;56802420.0;54.17100906;linux;32;ssd nvme;47.77792288558278
1.1677470209999998;9.0;dask;56802420.0;54.17100906;linux;32;ssd nvme;46.389336119745074
1.3040206429999999;0.0;dask;114707510.0;109.3936062;linux;32;ssd nvme;83.8894742864895
1.384949446;1.0;dask;114707510.0;109.3936062;linux;32;ssd nvme;78.98743633996875
1.323601723;2.0;dask;114707510.0;109.3936062;linux;32;ssd nvme;82.64843139676088
1.3959169390000001;3.0;dask;114707510.0;109.3936062;linux;32;ssd nvme;78.36684486282316
1.3524460790000001;4.0;dask;114707510.0;109.3936062;linux;32;ssd nvme;80.88574317202038
1.352188826;5.0;dask;114707510.0;109.3936062;linux;32;ssd nvme;80.90113162937793
1.279608488;6.0;dask;114707510.0;109.3936062;linux;32;ssd nvme;85.48990353368146
1.422499657;7.0;dask;114707510.0;109.3936062;linux;32;ssd nvme;76.90237791038005
1.3174667359999999;8.0;dask;114707510.0;109.3936062;linux;32;ssd nvme;83.03329656134864
1.470500231;9.0;dask;114707510.0;109.3936062;linux;32;ssd nvme;74.3921040567317
1.516993999;0.0;dask;230530004.0;219.85054399999999;linux;32;ssd nvme;144.92512438739053
1.464292765;1.0;dask;230530004.0;219.85054399999999;linux;32;ssd nvme;150.1411119790652
1.472743273;2.0;dask;230530004.0;219.85054399999999;linux;32;ssd nvme;149.27961174941314
1.4712598319999999;3.0;dask;230530004.0;219.85054399999999;linux;32;ssd nvme;149.43012730874312
1.478160381;4.0;dask;230530004.0;219.85054399999999;linux;32;ssd nvme;148.73253729833257
1.442541361;5.0;dask;230530004.0;219.85054399999999;linux;32;ssd nvme;152.40501932478037
1.427342415;6.0;dask;230530004.0;219.85054399999999;linux;32;ssd nvme;154.02789245914758
1.4216017719999998;7.0;dask;230530004.0;219.85054399999999;linux;32;ssd nvme;154.64988038858468
1.458241701;8.0;dask;230530004.0;219.85054399999999;linux;32;ssd nvme;150.76413179600877
1.4410884380000002;9.0;dask;230530004.0;219.85054399999999;linux;32;ssd nvme;152.55867593047745
4.070492506;0.0;dask;577978068.0;551.2028389;linux;32;ssd nvme;135.41428662195403
4.054447412;1.0;dask;577978068.0;551.2028389;linux;32;ssd nvme;135.95017591511925
4.183371305;2.0;dask;577978068.0;551.2028389;linux;32;ssd nvme;131.760438821483
3.975670099;3.0;dask;577978068.0;551.2028389;linux;32;ssd nvme;138.64400847511064
4.115436316;4.0;dask;577978068.0;551.2028389;linux;32;ssd nvme;133.93545582446086
4.00974369;5.0;dask;577978068.0;551.2028389;linux;32;ssd nvme;137.4658535593331
3.992719412;6.0;dask;577978068.0;551.2028389;linux;32;ssd nvme;138.05198463066955
4.069451808999999;7.0;dask;577978068.0;551.2028389;linux;32;ssd nvme;135.44891665284248
4.088889599;8.0;dask;577978068.0;551.2028389;linux;32;ssd nvme;134.80501871090016
4.185415506;9.0;dask;577978068.0;551.2028389;linux;32;ssd nvme;131.69608563590006
7.123197079;0.0;dask;1167076869.0;1113.011235;linux;32;ssd nvme;156.25164131444356
7.514388084;1.0;dask;1167076869.0;1113.011235;linux;32;ssd nvme;148.11734802064288
7.10927701;2.0;dask;1167076869.0;1113.011235;linux;32;ssd nvme;156.5575843274111
7.868162155;3.0;dask;1167076869.0;1113.011235;linux;32;ssd nvme;141.45758730870995
7.089423656;4.0;dask;1167076869.0;1113.011235;linux;32;ssd nvme;156.99601110141356
7.081815242999999;5.0;dask;1167076869.0;1113.011235;linux;32;ssd nvme;157.16468120234467
7.04637146;6.0;dask;1167076869.0;1113.011235;linux;32;ssd nvme;157.95523147171693
7.349404812;7.0;dask;1167076869.0;1113.011235;linux;32;ssd nvme;151.44236349352965
7.6186223029999995;8.0;dask;1167076869.0;1113.011235;linux;32;ssd nvme;146.09087978567035
7.06844902;9.0;dask;1167076869.0;1113.011235;linux;32;ssd nvme;157.46187485412463
13.25995469;0.0;dask;2345261749.0;2236.615895;linux;32;ssd nvme;168.6744749351779
13.79926872;1.0;dask;2345261749.0;2236.615895;linux;32;ssd nvme;162.0822045271396
13.34028864;2.0;dask;2345261749.0;2236.615895;linux;32;ssd nvme;167.65873328210085
13.70226693;3.0;dask;2345261749.0;2236.615895;linux;32;ssd nvme;163.22962517268664
13.76673532;4.0;dask;2345261749.0;2236.615895;linux;32;ssd nvme;162.46523543971207
13.2663486;5.0;dask;2345261749.0;2236.615895;linux;32;ssd nvme;168.59317981437633
13.32815313;6.0;dask;2345261749.0;2236.615895;linux;32;ssd nvme;167.81138940890904
13.76540947;7.0;dask;2345261749.0;2236.615895;linux;32;ssd nvme;162.48088368707278
13.30956197;8.0;dask;2345261749.0;2236.615895;linux;32;ssd nvme;168.0457929450551
14.50425792;9.0;dask;2345261749.0;2236.615895;linux;32;ssd nvme;154.20409009108408
26.28613472;0.0;dask;4701612904.0;4483.8074719999995;linux;32;ssd nvme;170.57690374646302
26.44049716;1.0;dask;4701612904.0;4483.8074719999995;linux;32;ssd nvme;169.5810576051967
26.23157859;2.0;dask;4701612904.0;4483.8074719999995;linux;32;ssd nvme;170.93166759355137
26.09514666;3.0;dask;4701612904.0;4483.8074719999995;linux;32;ssd nvme;171.82534095020102
25.92030621;4.0;dask;4701612904.0;4483.8074719999995;linux;32;ssd nvme;172.98435580479972
25.84971571;5.0;dask;4701612904.0;4483.8074719999995;linux;32;ssd nvme;173.4567421283257
26.05703378;6.0;dask;4701612904.0;4483.8074719999995;linux;32;ssd nvme;172.07666497487264
25.87735534;7.0;dask;4701612904.0;4483.8074719999995;linux;32;ssd nvme;173.27147280267627
26.23652768;8.0;dask;4701612904.0;4483.8074719999995;linux;32;ssd nvme;170.89942414208983
26.39902353;9.0;dask;4701612904.0;4483.8074719999995;linux;32;ssd nvme;169.8474743546698
52.85442638;0.0;dask;9474298117.0;9035.39478;linux;32;ssd nvme;170.94868677676112
52.86418629;1.0;dask;9474298117.0;9035.39478;linux;32;ssd nvme;170.91712582946107
51.755729200000005;2.0;dask;9474298117.0;9035.39478;linux;32;ssd nvme;174.57767322887995
51.30384541;3.0;dask;9474298117.0;9035.39478;linux;32;ssd nvme;176.11535174006366
50.76022696;4.0;dask;9474298117.0;9035.39478;linux;32;ssd nvme;178.0014653425419
51.01161981;5.0;dask;9474298117.0;9035.39478;linux;32;ssd nvme;177.12424764501907
50.58188844;6.0;dask;9474298117.0;9035.39478;linux;32;ssd nvme;178.62905199195447
51.12008429;7.0;dask;9474298117.0;9035.39478;linux;32;ssd nvme;176.7484327440259
51.25801516;8.0;dask;9474298117.0;9035.39478;linux;32;ssd nvme;176.27281805189588
51.3214922;9.0;dask;9474298117.0;9035.39478;linux;32;ssd nvme;176.05479483700594
103.47962209999999;0.0;dask;19059840483.0;18176.88034;linux;32;ssd nvme;175.65661693694958
103.5068958;1.0;dask;19059840483.0;18176.88034;linux;32;ssd nvme;175.61033204127835
103.57767700000001;2.0;dask;19059840483.0;18176.88034;linux;32;ssd nvme;175.490326356711
103.1080687;3.0;dask;19059840483.0;18176.88034;linux;32;ssd nvme;176.28960147519473
104.26837330000001;4.0;dask;19059840483.0;18176.88034;linux;32;ssd nvme;174.32784040565826
104.4538555;5.0;dask;19059840483.0;18176.88034;linux;32;ssd nvme;174.0182806368502
103.0685954;6.0;dask;19059840483.0;18176.88034;linux;32;ssd nvme;176.357117019565
103.3760409;7.0;dask;19059840483.0;18176.88034;linux;32;ssd nvme;175.83262216032495
102.75591109999999;8.0;dask;19059840483.0;18176.88034;linux;32;ssd nvme;176.89376840141708
103.4233022;9.0;dask;19059840483.0;18176.88034;linux;32;ssd nvme;175.75227200587298
154.0055802;0.0;dask;28645326699.0;27318.312360000004;linux;32;ssd nvme;177.38521113665468
156.0171833;1.0;dask;28645326699.0;27318.312360000004;linux;32;ssd nvme;175.09809997960656
154.5559592;2.0;dask;28645326699.0;27318.312360000004;linux;32;ssd nvme;176.75353639809705
154.54531809999997;3.0;dask;28645326699.0;27318.312360000004;linux;32;ssd nvme;176.7657066280289
153.29927869999997;4.0;dask;28645326699.0;27318.312360000004;linux;32;ssd nvme;178.2024846539608
153.2422974;5.0;dask;28645326699.0;27318.312360000004;linux;32;ssd nvme;178.26874709854096
153.119458;6.0;dask;28645326699.0;27318.312360000004;linux;32;ssd nvme;178.41176240318197
154.67108230000002;7.0;dask;28645326699.0;27318.312360000004;linux;32;ssd nvme;176.6219771257138
154.4080646;8.0;dask;28645326699.0;27318.312360000004;linux;32;ssd nvme;176.9228338608423
153.4001565;9.0;dask;28645326699.0;27318.312360000004;linux;32;ssd nvme;178.08529654270595
0.02384209633;0.0;pandas;1106984.0;1.0557022090000001;linux;16;ssd nvme;44.27891718865478
0.021472454069999997;1.0;pandas;1106984.0;1.0557022090000001;linux;16;ssd nvme;49.16541935814234
0.021076917650000002;2.0;pandas;1106984.0;1.0557022090000001;linux;16;ssd nvme;50.08807390771392
0.02125358582;3.0;pandas;1106984.0;1.0557022090000001;linux;16;ssd nvme;49.67172212448808
0.02126717567;4.0;pandas;1106984.0;1.0557022090000001;linux;16;ssd nvme;49.639981602691115
0.02137613297;5.0;pandas;1106984.0;1.0557022090000001;linux;16;ssd nvme;49.38695930089923
0.02229952812;6.0;pandas;1106984.0;1.0557022090000001;linux;16;ssd nvme;47.34190801343289
0.02197432518;7.0;pandas;1106984.0;1.0557022090000001;linux;16;ssd nvme;48.04253147035663
0.0215139389;8.0;pandas;1106984.0;1.0557022090000001;linux;16;ssd nvme;49.0706148189349
0.02151441574;9.0;pandas;1106984.0;1.0557022090000001;linux;16;ssd nvme;49.06952723039645
0.04387378693;0.0;pandas;2226488.0;2.123344421;linux;16;ssd nvme;48.39665252483825
0.04159188271;1.0;pandas;2226488.0;2.123344421;linux;16;ssd nvme;51.05189480853871
0.04121804237;2.0;pandas;2226488.0;2.123344421;linux;16;ssd nvme;51.51492644748815
0.041649341580000006;3.0;pandas;2226488.0;2.123344421;linux;16;ssd nvme;50.98146430289859
0.04132938385;4.0;pandas;2226488.0;2.123344421;linux;16;ssd nvme;51.37614508617941
0.041026353839999995;5.0;pandas;2226488.0;2.123344421;linux;16;ssd nvme;51.75562101572321
0.04164743423;6.0;pandas;2226488.0;2.123344421;linux;16;ssd nvme;50.98379912850636
0.041190624239999994;7.0;pandas;2226488.0;2.123344421;linux;16;ssd nvme;51.54921684673163
0.041150808330000004;8.0;pandas;2226488.0;2.123344421;linux;16;ssd nvme;51.59909384944031
0.04220962524;9.0;pandas;2226488.0;2.123344421;linux;16;ssd nvme;50.3047446862383
0.1018092632;0.0;pandas;5580913.0;5.32237339;linux;16;ssd nvme;52.27788928738657
0.1041369438;1.0;pandas;5580913.0;5.32237339;linux;16;ssd nvme;51.10936806655161
0.103348732;2.0;pandas;5580913.0;5.32237339;linux;16;ssd nvme;51.499164885738516
0.10320162769999999;3.0;pandas;5580913.0;5.32237339;linux;16;ssd nvme;51.57257214461551
0.1035614014;4.0;pandas;5580913.0;5.32237339;linux;16;ssd nvme;51.3934083360135
0.1049568653;5.0;pandas;5580913.0;5.32237339;linux;16;ssd nvme;50.71010242909761
0.1033658981;6.0;pandas;5580913.0;5.32237339;linux;16;ssd nvme;51.49061235699745
0.1045720577;7.0;pandas;5580913.0;5.32237339;linux;16;ssd nvme;50.896707084688074
0.10477471349999999;8.0;pandas;5580913.0;5.32237339;linux;16;ssd nvme;50.79826240708356
0.1044709682;9.0;pandas;5580913.0;5.32237339;linux;16;ssd nvme;50.945956390590815
0.2267282009;0.0;pandas;11272914.0;10.75068855;linux;16;ssd nvme;47.416635898512084
0.2193555832;1.0;pandas;11272914.0;10.75068855;linux;16;ssd nvme;49.01032557807263
0.2192521095;2.0;pandas;11272914.0;10.75068855;linux;16;ssd nvme;49.033455479706575
0.2216670513;3.0;pandas;11272914.0;10.75068855;linux;16;ssd nvme;48.4992626867681
0.21893262859999998;4.0;pandas;11272914.0;10.75068855;linux;16;ssd nvme;49.10500832492174
0.220010519;5.0;pandas;11272914.0;10.75068855;linux;16;ssd nvme;48.86442975028844
0.2193596363;6.0;pandas;11272914.0;10.75068855;linux;16;ssd nvme;49.00942001607431
0.2203145027;7.0;pandas;11272914.0;10.75068855;linux;16;ssd nvme;48.79700799651443
0.2206277847;8.0;pandas;11272914.0;10.75068855;linux;16;ssd nvme;48.72771833619376
0.2201738358;9.0;pandas;11272914.0;10.75068855;linux;16;ssd nvme;48.82818392538538
0.45258259770000003;0.0;pandas;22659207.0;21.60950375;linux;16;ssd nvme;47.74709381186619
0.4426329136;1.0;pandas;22659207.0;21.60950375;linux;16;ssd nvme;48.82037256164856
0.4377396107;2.0;pandas;22659207.0;21.60950375;linux;16;ssd nvme;49.366114515987526
0.4439594746;3.0;pandas;22659207.0;21.60950375;linux;16;ssd nvme;48.67449617889064
0.4414768219;4.0;pandas;22659207.0;21.60950375;linux;16;ssd nvme;48.948218067255226
0.4414412975;5.0;pandas;22659207.0;21.60950375;linux;16;ssd nvme;48.95215710985898
0.4423356056;6.0;pandas;22659207.0;21.60950375;linux;16;ssd nvme;48.85318630565153
0.44031119350000003;7.0;pandas;22659207.0;21.60950375;linux;16;ssd nvme;49.07779785979935
0.4412031174;8.0;pandas;22659207.0;21.60950375;linux;16;ssd nvme;48.97858355431465
0.4362885952;9.0;pandas;22659207.0;21.60950375;linux;16;ssd nvme;49.53029711925873
1.0924532409999999;0.0;pandas;56802420.0;54.17100906;linux;16;ssd nvme;49.5865699573681
1.088811159;1.0;pandas;56802420.0;54.17100906;linux;16;ssd nvme;49.75243742886732
1.077802658;2.0;pandas;56802420.0;54.17100906;linux;16;ssd nvme;50.260600730491056
1.082169533;3.0;pandas;56802420.0;54.17100906;linux;16;ssd nvme;50.05778430097422
1.081101179;4.0;pandas;56802420.0;54.17100906;linux;16;ssd nvme;50.10725185787629
1.07585001;5.0;pandas;56802420.0;54.17100906;linux;16;ssd nvme;50.35182279730611
1.077069283;6.0;pandas;56802420.0;54.17100906;linux;16;ssd nvme;50.29482310470831
1.085444212;7.0;pandas;56802420.0;54.17100906;linux;16;ssd nvme;49.9067648628265
1.086983204;8.0;pandas;56802420.0;54.17100906;linux;16;ssd nvme;49.83610497444264
1.078371525;9.0;pandas;56802420.0;54.17100906;linux;16;ssd nvme;50.2340870508427
2.253976583;0.0;pandas;114707510.0;109.3936062;linux;16;ssd nvme;48.533603687399086
2.130598545;1.0;pandas;114707510.0;109.3936062;linux;16;ssd nvme;51.34407251742491
2.126126289;2.0;pandas;114707510.0;109.3936062;linux;16;ssd nvme;51.45207355083882
2.131921053;3.0;pandas;114707510.0;109.3936062;linux;16;ssd nvme;51.312221925883854
2.1352365019999997;4.0;pandas;114707510.0;109.3936062;linux;16;ssd nvme;51.232547822002346
2.114445448;5.0;pandas;114707510.0;109.3936062;linux;16;ssd nvme;51.736310484374336
2.137161255;6.0;pandas;114707510.0;109.3936062;linux;16;ssd nvme;51.18640717637378
2.130415916;7.0;pandas;114707510.0;109.3936062;linux;16;ssd nvme;51.348473966245
2.134852171;8.0;pandas;114707510.0;109.3936062;linux;16;ssd nvme;51.24177106312622
2.13968873;9.0;pandas;114707510.0;109.3936062;linux;16;ssd nvme;51.125944005883504
4.422574997;0.0;pandas;230530004.0;219.85054399999999;linux;16;ssd nvme;49.71098153205608
4.348681211000001;1.0;pandas;230530004.0;219.85054399999999;linux;16;ssd nvme;50.5556819028002
4.330874443;2.0;pandas;230530004.0;219.85054399999999;linux;16;ssd nvme;50.763545998278666
4.341944933;3.0;pandas;230530004.0;219.85054399999999;linux;16;ssd nvme;50.63411613746507
4.335251093;4.0;pandas;230530004.0;219.85054399999999;linux;16;ssd nvme;50.712297692511065
4.352046013;5.0;pandas;230530004.0;219.85054399999999;linux;16;ssd nvme;50.51659457259511
4.357256413;6.0;pandas;230530004.0;219.85054399999999;linux;16;ssd nvme;50.45618691249603
4.346419096;7.0;pandas;230530004.0;219.85054399999999;linux;16;ssd nvme;50.581993853820485
4.345843315;8.0;pandas;230530004.0;219.85054399999999;linux;16;ssd nvme;50.588695464737434
4.343172312;9.0;pandas;230530004.0;219.85054399999999;linux;16;ssd nvme;50.61980695367814
11.20716906;0.0;pandas;577978068.0;551.2028389;linux;16;ssd nvme;49.18305737595431
10.70607209;1.0;pandas;577978068.0;551.2028389;linux;16;ssd nvme;51.48506700369136
10.60802197;2.0;pandas;577978068.0;551.2028389;linux;16;ssd nvme;51.96094431731272
10.60159278;3.0;pandas;577978068.0;551.2028389;linux;16;ssd nvme;51.99245531670005
10.63778257;4.0;pandas;577978068.0;551.2028389;linux;16;ssd nvme;51.81557672126776
10.62241554;5.0;pandas;577978068.0;551.2028389;linux;16;ssd nvme;51.89053627438867
10.60560584;6.0;pandas;577978068.0;551.2028389;linux;16;ssd nvme;51.97278186797105
10.59988856;7.0;pandas;577978068.0;551.2028389;linux;16;ssd nvme;52.000814516110346
10.60185194;8.0;pandas;577978068.0;551.2028389;linux;16;ssd nvme;51.99118437226544
10.61754751;9.0;pandas;577978068.0;551.2028389;linux;16;ssd nvme;51.914327520630984
22.08097506;0.0;pandas;1167076869.0;1113.011235;linux;16;ssd nvme;50.40589158656474
21.46856642;1.0;pandas;1167076869.0;1113.011235;linux;16;ssd nvme;51.843761396341996
21.42100811;2.0;pandas;1167076869.0;1113.011235;linux;16;ssd nvme;51.9588634337154
21.43756747;3.0;pandas;1167076869.0;1113.011235;linux;16;ssd nvme;51.91872802534904
21.48876262;4.0;pandas;1167076869.0;1113.011235;linux;16;ssd nvme;51.79503606988051
21.51918817;5.0;pandas;1167076869.0;1113.011235;linux;16;ssd nvme;51.72180410372795
21.55094552;6.0;pandas;1167076869.0;1113.011235;linux;16;ssd nvme;51.64558714916189
21.51128125;7.0;pandas;1167076869.0;1113.011235;linux;16;ssd nvme;51.74081553138542
21.51826906;8.0;pandas;1167076869.0;1113.011235;linux;16;ssd nvme;51.72401329756399
21.60980439;9.0;pandas;1167076869.0;1113.011235;linux;16;ssd nvme;51.50491947604343
44.27697086;0.0;pandas;2345261749.0;2236.615895;linux;16;ssd nvme;50.514203017003766
42.9406724;1.0;pandas;2345261749.0;2236.615895;linux;16;ssd nvme;52.08618705747141
42.89515996;2.0;pandas;2345261749.0;2236.615895;linux;16;ssd nvme;52.141451321912726
42.93112516;3.0;pandas;2345261749.0;2236.615895;linux;16;ssd nvme;52.09777024628068
43.03285527;4.0;pandas;2345261749.0;2236.615895;linux;16;ssd nvme;51.97461058456045
42.70146561;5.0;pandas;2345261749.0;2236.615895;linux;16;ssd nvme;52.37796555807724
42.73560905;6.0;pandas;2345261749.0;2236.615895;linux;16;ssd nvme;52.33611839679631
42.79702163;7.0;pandas;2345261749.0;2236.615895;linux;16;ssd nvme;52.261017468378434
42.7061429;8.0;pandas;2345261749.0;2236.615895;linux;16;ssd nvme;52.37222898441619
42.72212529;9.0;pandas;2345261749.0;2236.615895;linux;16;ssd nvme;52.35263648092728
89.22809911;0.0;pandas;4701612904.0;4483.8074719999995;linux;16;ssd nvme;50.25107019787995
88.61634803;1.0;pandas;4701612904.0;4483.8074719999995;linux;16;ssd nvme;50.59797172505981
87.53918934;2.0;pandas;4701612904.0;4483.8074719999995;linux;16;ssd nvme;51.22057338896531
87.07142973;3.0;pandas;4701612904.0;4483.8074719999995;linux;16;ssd nvme;51.495737303313476
87.11077833;4.0;pandas;4701612904.0;4483.8074719999995;linux;16;ssd nvme;51.472476287768686
86.74451613;5.0;pandas;4701612904.0;4483.8074719999995;linux;16;ssd nvme;51.68980901663368
87.79589772;6.0;pandas;4701612904.0;4483.8074719999995;linux;16;ssd nvme;51.07080841407677
87.94706154;7.0;pandas;4701612904.0;4483.8074719999995;linux;16;ssd nvme;50.98302767012492
88.26515293;8.0;pandas;4701612904.0;4483.8074719999995;linux;16;ssd nvme;50.79929420794127
88.87432218;9.0;pandas;4701612904.0;4483.8074719999995;linux;16;ssd nvme;50.451101758264905
0.2572157383;0.0;dask;5580913.0;5.32237339;linux;16;ssd nvme;20.69225400116195
0.2073266506;1.0;dask;5580913.0;5.32237339;linux;16;ssd nvme;25.6714386433058
0.22331666949999998;2.0;dask;5580913.0;5.32237339;linux;16;ssd nvme;23.833300943976333
0.1922338009;3.0;dask;5580913.0;5.32237339;linux;16;ssd nvme;27.686979943598462
0.18544030190000002;4.0;dask;5580913.0;5.32237339;linux;16;ssd nvme;28.70127655891181
0.1822929382;5.0;dask;5580913.0;5.32237339;linux;16;ssd nvme;29.196816083794957
0.1801440716;6.0;dask;5580913.0;5.32237339;linux;16;ssd nvme;29.545093228591153
0.18866300579999998;7.0;dask;5580913.0;5.32237339;linux;16;ssd nvme;28.21100706750216
0.1812777519;8.0;dask;5580913.0;5.32237339;linux;16;ssd nvme;29.36032322894225
0.1812181473;9.0;dask;5580913.0;5.32237339;linux;16;ssd nvme;29.369980155403567
111.6613615;0.0;dask;19059840483.0;18176.88034;linux;16;ssd nvme;162.78576667722254
110.794476;1.0;dask;19059840483.0;18176.88034;linux;16;ssd nvme;164.05944588789788
110.9938118;2.0;dask;19059840483.0;18176.88034;linux;16;ssd nvme;163.76480855304763
109.39969679999999;3.0;dask;19059840483.0;18176.88034;linux;16;ssd nvme;166.15110344620263
110.38471059999999;4.0;dask;19059840483.0;18176.88034;linux;16;ssd nvme;164.66846034381868
112.34954170000002;5.0;dask;19059840483.0;18176.88034;linux;16;ssd nvme;161.7886469758514
115.90822790000001;6.0;dask;19059840483.0;18176.88034;linux;16;ssd nvme;156.82131173364266
114.7868075;7.0;dask;19059840483.0;18176.88034;linux;16;ssd nvme;158.35339213524168
115.7899952;8.0;dask;19059840483.0;18176.88034;linux;16;ssd nvme;156.98144134649726
114.03509950000002;9.0;dask;19059840483.0;18176.88034;linux;16;ssd nvme;159.3972418991926
8.847958565;0.0;dask;1167076869.0;1113.011235;linux;16;ssd nvme;125.7929981049815
9.97650075;1.0;dask;1167076869.0;1113.011235;linux;16;ssd nvme;111.56328886157804
8.114510297999999;2.0;dask;1167076869.0;1113.011235;linux;16;ssd nvme;137.1630812119773
8.088206053;3.0;dask;1167076869.0;1113.011235;linux;16;ssd nvme;137.60915927545793
8.090878248;4.0;dask;1167076869.0;1113.011235;linux;16;ssd nvme;137.56371074736262
7.663341045;5.0;dask;1167076869.0;1113.011235;linux;16;ssd nvme;145.23837950892081
7.961018085;6.0;dask;1167076869.0;1113.011235;linux;16;ssd nvme;139.8076506190979
9.167285681000001;7.0;dask;1167076869.0;1113.011235;linux;16;ssd nvme;121.41120869690063
7.581126451;8.0;dask;1167076869.0;1113.011235;linux;16;ssd nvme;146.81343758000324
7.778102875;9.0;dask;1167076869.0;1113.011235;linux;16;ssd nvme;143.09546336515893
163.9610481;0.0;dask;28645326699.0;27318.312360000004;linux;16;ssd nvme;166.61464827511068
161.8087695;1.0;dask;28645326699.0;27318.312360000004;linux;16;ssd nvme;168.8308516554166
159.448216;2.0;dask;28645326699.0;27318.312360000004;linux;16;ssd nvme;171.33031052539343
160.6291847;3.0;dask;28645326699.0;27318.312360000004;linux;16;ssd nvme;170.07066562045497
160.79474140000002;4.0;dask;28645326699.0;27318.312360000004;linux;16;ssd nvme;169.89555828845036
160.65985369999999;5.0;dask;28645326699.0;27318.312360000004;linux;16;ssd nvme;170.03820015304797
158.842962;6.0;dask;28645326699.0;27318.312360000004;linux;16;ssd nvme;171.98314622211592
159.7582855;7.0;dask;28645326699.0;27318.312360000004;linux;16;ssd nvme;170.99778127000496
159.8087976;8.0;dask;28645326699.0;27318.312360000004;linux;16;ssd nvme;170.94373257458264
159.5643013;9.0;dask;28645326699.0;27318.312360000004;linux;16;ssd nvme;171.20566528623655
14.84977245;0.0;dask;2345261749.0;2236.615895;linux;16;ssd nvme;150.61617290977412
13.52646899;1.0;dask;2345261749.0;2236.615895;linux;16;ssd nvme;165.3510533054495
13.88069081;2.0;dask;2345261749.0;2236.615895;linux;16;ssd nvme;161.13145416283498
13.52362585;3.0;dask;2345261749.0;2236.615895;linux;16;ssd nvme;165.3858158904921
15.52392435;4.0;dask;2345261749.0;2236.615895;linux;16;ssd nvme;144.07541833969321
13.93341851;5.0;dask;2345261749.0;2236.615895;linux;16;ssd nvme;160.521690595512
13.82399416;6.0;dask;2345261749.0;2236.615895;linux;16;ssd nvme;161.7923061246432
13.50376678;7.0;dask;2345261749.0;2236.615895;linux;16;ssd nvme;165.62903754473757
13.91615796;8.0;dask;2345261749.0;2236.615895;linux;16;ssd nvme;160.7207895619489
13.95956349;9.0;dask;2345261749.0;2236.615895;linux;16;ssd nvme;160.22104821559859
55.15898824;0.0;dask;9474298117.0;9035.39478;linux;16;ssd nvme;163.8063907315788
54.5684135;1.0;dask;9474298117.0;9035.39478;linux;16;ssd nvme;165.57920966494657
55.30130935;2.0;dask;9474298117.0;9035.39478;linux;16;ssd nvme;163.3848255348768
55.34709787;3.0;dask;9474298117.0;9035.39478;linux;16;ssd nvme;163.24965766448057
54.41788197;4.0;dask;9474298117.0;9035.39478;linux;16;ssd nvme;166.03723726294817
54.43706775;5.0;dask;9474298117.0;9035.39478;linux;16;ssd nvme;165.97871916053012
55.71436381;6.0;dask;9474298117.0;9035.39478;linux;16;ssd nvme;162.17352513999748
56.39089346;7.0;dask;9474298117.0;9035.39478;linux;16;ssd nvme;160.22790606091596
55.3299818;8.0;dask;9474298117.0;9035.39478;linux;16;ssd nvme;163.30015817933995
57.35434175;9.0;dask;9474298117.0;9035.39478;linux;16;ssd nvme;157.53636959838354
1.806982279;0.0;dask;230530004.0;219.85054399999999;linux;16;ssd nvme;121.66723855292439
1.52758503;1.0;dask;230530004.0;219.85054399999999;linux;16;ssd nvme;143.92033155758276
1.498267651;2.0;dask;230530004.0;219.85054399999999;linux;16;ssd nvme;146.73649521383146
1.497462749;3.0;dask;230530004.0;219.85054399999999;linux;16;ssd nvme;146.81536762554884
1.501238585;4.0;dask;230530004.0;219.85054399999999;linux;16;ssd nvme;146.44610536705594
1.4419555659999999;5.0;dask;230530004.0;219.85054399999999;linux;16;ssd nvme;152.4669339221511
1.48849678;6.0;dask;230530004.0;219.85054399999999;linux;16;ssd nvme;147.6997108451924
1.447421074;7.0;dask;230530004.0;219.85054399999999;linux;16;ssd nvme;151.8912139315722
1.467216492;8.0;dask;230530004.0;219.85054399999999;linux;16;ssd nvme;149.84192530464006
1.431945086;9.0;dask;230530004.0;219.85054399999999;linux;16;ssd nvme;153.53280384105454
0.1105527878;0.0;dask;2226488.0;2.123344421;linux;16;ssd nvme;19.206611278236803
0.11676931380000001;1.0;dask;2226488.0;2.123344421;linux;16;ssd nvme;18.18409607713221
0.1097090244;2.0;dask;2226488.0;2.123344421;linux;16;ssd nvme;19.354327801314405
0.1125195026;3.0;dask;2226488.0;2.123344421;linux;16;ssd nvme;18.870901238768898
0.1126794815;4.0;dask;2226488.0;2.123344421;linux;16;ssd nvme;18.844108907263653
0.1121733189;5.0;dask;2226488.0;2.123344421;linux;16;ssd nvme;18.92913967262495
0.12011623380000001;6.0;dask;2226488.0;2.123344421;linux;16;ssd nvme;17.67741423307929
0.1096291542;7.0;dask;2226488.0;2.123344421;linux;16;ssd nvme;19.368428375597194
0.1079628468;8.0;dask;2226488.0;2.123344421;linux;16;ssd nvme;19.66736228189196
0.115585804;9.0;dask;2226488.0;2.123344421;linux;16;ssd nvme;18.370287245655184
1.253044128;0.0;dask;56802420.0;54.17100906;linux;16;ssd nvme;43.23152541041237
1.1783103940000001;1.0;dask;56802420.0;54.17100906;linux;16;ssd nvme;45.97346279540669
1.17954874;2.0;dask;56802420.0;54.17100906;linux;16;ssd nvme;45.9251976819542
1.1650455;3.0;dask;56802420.0;54.17100906;linux;16;ssd nvme;46.49690424966236
1.198740482;4.0;dask;56802420.0;54.17100906;linux;16;ssd nvme;45.18993883448411
1.153557301;5.0;dask;56802420.0;54.17100906;linux;16;ssd nvme;46.959963768631205
1.158784389;6.0;dask;56802420.0;54.17100906;linux;16;ssd nvme;46.74813500615773
1.1856467720000001;7.0;dask;56802420.0;54.17100906;linux;16;ssd nvme;45.6889946814615
1.176774025;8.0;dask;56802420.0;54.17100906;linux;16;ssd nvme;46.03348468708765
1.170980692;9.0;dask;56802420.0;54.17100906;linux;16;ssd nvme;46.261231658292786
0.09215474129000001;0.0;dask;1106984.0;1.0557022090000001;linux;16;ssd nvme;11.455755767115996
0.09139561652999999;1.0;dask;1106984.0;1.0557022090000001;linux;16;ssd nvme;11.550906368178753
0.08765912056;2.0;dask;1106984.0;1.0557022090000001;linux;16;ssd nvme;12.043267172380586
0.08980584144999999;3.0;dask;1106984.0;1.0557022090000001;linux;16;ssd nvme;11.755384638178235
0.08661484718000001;4.0;dask;1106984.0;1.0557022090000001;linux;16;ssd nvme;12.188467028130592
0.09077382088;5.0;dask;1106984.0;1.0557022090000001;linux;16;ssd nvme;11.630029437623913
0.08892583847;6.0;dask;1106984.0;1.0557022090000001;linux;16;ssd nvme;11.871714983673183
0.09204149246;7.0;dask;1106984.0;1.0557022090000001;linux;16;ssd nvme;11.469851050696446
0.09702420234999999;8.0;dask;1106984.0;1.0557022090000001;linux;16;ssd nvme;10.88081306962685
0.09243679047;9.0;dask;1106984.0;1.0557022090000001;linux;16;ssd nvme;11.420801215968485
4.605196953;0.0;dask;577978068.0;551.2028389;linux;16;ssd nvme;119.69147997914085
4.100494623;1.0;dask;577978068.0;551.2028389;linux;16;ssd nvme;134.42349998662587
4.043931961;2.0;dask;577978068.0;551.2028389;linux;16;ssd nvme;136.30368765247383
4.0937495230000005;3.0;dask;577978068.0;551.2028389;linux;16;ssd nvme;134.6449839696262
7.370895147000001;4.0;dask;577978068.0;551.2028389;linux;16;ssd nvme;74.78099035560733
4.092130184;5.0;dask;577978068.0;551.2028389;linux;16;ssd nvme;134.6982657236009
3.996861935;6.0;dask;577978068.0;551.2028389;linux;16;ssd nvme;137.9089014992458
3.973461866;7.0;dask;577978068.0;551.2028389;linux;16;ssd nvme;138.72105923968113
3.9506251810000004;8.0;dask;577978068.0;551.2028389;linux;16;ssd nvme;139.5229396984902
3.994621515;9.0;dask;577978068.0;551.2028389;linux;16;ssd nvme;137.98624896756957
1.42186594;0.0;dask;114707510.0;109.3936062;linux;16;ssd nvme;76.93665283240415
1.301009893;1.0;dask;114707510.0;109.3936062;linux;16;ssd nvme;84.08360827122472
1.329291105;2.0;dask;114707510.0;109.3936062;linux;16;ssd nvme;82.29469511119612
1.331249952;3.0;dask;114707510.0;109.3936062;linux;16;ssd nvme;82.17360386428768
1.311872482;4.0;dask;114707510.0;109.3936062;linux;16;ssd nvme;83.38737773752617
1.311732292;5.0;dask;114707510.0;109.3936062;linux;16;ssd nvme;83.39628967524114
1.3172521590000001;6.0;dask;114707510.0;109.3936062;linux;16;ssd nvme;83.04682247250732
1.3148708340000002;7.0;dask;114707510.0;109.3936062;linux;16;ssd nvme;83.19722619993865
1.297348261;8.0;dask;114707510.0;109.3936062;linux;16;ssd nvme;84.32092560534137
1.292917013;9.0;dask;114707510.0;109.3936062;linux;16;ssd nvme;84.60992089984973
0.2898206711;0.0;dask;11272914.0;10.75068855;linux;16;ssd nvme;37.0942780209441
0.29698109629999997;1.0;dask;11272914.0;10.75068855;linux;16;ssd nvme;36.19990862697883
0.282150507;2.0;dask;11272914.0;10.75068855;linux;16;ssd nvme;38.102673159470875
0.2866399288;3.0;dask;11272914.0;10.75068855;linux;16;ssd nvme;37.505900154968224
0.29086470600000003;4.0;dask;11272914.0;10.75068855;linux;16;ssd nvme;36.961131165910516
0.3076827526;5.0;dask;11272914.0;10.75068855;linux;16;ssd nvme;34.94082284155956
0.29271650309999997;6.0;dask;11272914.0;10.75068855;linux;16;ssd nvme;36.72730589544953
0.2844743729;7.0;dask;11272914.0;10.75068855;linux;16;ssd nvme;37.79141312591676
0.2877283096;8.0;dask;11272914.0;10.75068855;linux;16;ssd nvme;37.36402776961923
0.2872989178;9.0;dask;11272914.0;10.75068855;linux;16;ssd nvme;37.41987137412043
28.77087593;0.0;dask;4701612904.0;4483.8074719999995;linux;16;ssd nvme;155.84535844195966
29.85854888;1.0;dask;4701612904.0;4483.8074719999995;linux;16;ssd nvme;150.16829819895787
26.8198843;2.0;dask;4701612904.0;4483.8074719999995;linux;16;ssd nvme;167.1822078665716
26.98908353;3.0;dask;4701612904.0;4483.8074719999995;linux;16;ssd nvme;166.1341137062315
26.89905643;4.0;dask;4701612904.0;4483.8074719999995;linux;16;ssd nvme;166.69013962137703
26.77713799;5.0;dask;4701612904.0;4483.8074719999995;linux;16;ssd nvme;167.44909309107234
26.88976431;6.0;dask;4701612904.0;4483.8074719999995;linux;16;ssd nvme;166.74774164281246
27.21142769;7.0;dask;4701612904.0;4483.8074719999995;linux;16;ssd nvme;164.7766344008391
28.03874207;8.0;dask;4701612904.0;4483.8074719999995;linux;16;ssd nvme;159.91471588867893
27.18165803;9.0;dask;4701612904.0;4483.8074719999995;linux;16;ssd nvme;164.95709963870806
0.5204591751;0.0;dask;22659207.0;21.60950375;linux;16;ssd nvme;41.52007454926314
0.5027523040999999;1.0;dask;22659207.0;21.60950375;linux;16;ssd nvme;42.98240619440654
0.5137429237;2.0;dask;22659207.0;21.60950375;linux;16;ssd nvme;42.06287377034289
0.5005037785;3.0;dask;22659207.0;21.60950375;linux;16;ssd nvme;43.1755057169863
0.5066437721;4.0;dask;22659207.0;21.60950375;linux;16;ssd nvme;42.652263661369496
0.5181946754;5.0;dask;22659207.0;21.60950375;linux;16;ssd nvme;41.70151639115048
0.5272359848;6.0;dask;22659207.0;21.60950375;linux;16;ssd nvme;40.98639769096428
0.5264344215;7.0;dask;22659207.0;21.60950375;linux;16;ssd nvme;41.048804689531494
0.5313007832;8.0;dask;22659207.0;21.60950375;linux;16;ssd nvme;40.67282494832204
0.5086796284;9.0;dask;22659207.0;21.60950375;linux;16;ssd nvme;42.48155920450459
0.22609734539999998;0.0;dask;1106984.0;1.0557022090000001;windows;16;hdd raid mirror;4.669237523033741
0.1571426392;1.0;dask;1106984.0;1.0557022090000001;windows;16;hdd raid mirror;6.718114283777411
0.1211092472;2.0;dask;1106984.0;1.0557022090000001;windows;16;hdd raid mirror;8.716941384802862
0.1421282291;3.0;dask;1106984.0;1.0557022090000001;windows;16;hdd raid mirror;7.42781511938222
0.1231100559;4.0;dask;1106984.0;1.0557022090000001;windows;16;hdd raid mirror;8.575271949007377
0.10710644720000001;5.0;dask;1106984.0;1.0557022090000001;windows;16;hdd raid mirror;9.856570137451072
0.1050958633;6.0;dask;1106984.0;1.0557022090000001;windows;16;hdd raid mirror;10.045135706116799
0.107098341;7.0;dask;1106984.0;1.0557022090000001;windows;16;hdd raid mirror;9.857316174486774
0.10109257699999999;8.0;dask;1106984.0;1.0557022090000001;windows;16;hdd raid mirror;10.44292509231415
0.1100997925;9.0;dask;1106984.0;1.0557022090000001;windows;16;hdd raid mirror;9.588593993035909
0.1891720295;0.0;dask;2226488.0;2.123344421;windows;16;hdd raid mirror;11.224410007188721
0.134124279;1.0;dask;2226488.0;2.123344421;windows;16;hdd raid mirror;15.831171185643427
0.3583269119;2.0;dask;2226488.0;2.123344421;windows;16;hdd raid mirror;5.925718528204134
0.135122776;3.0;dask;2226488.0;2.123344421;windows;16;hdd raid mirror;15.714185897128106
0.1641507149;4.0;dask;2226488.0;2.123344421;windows;16;hdd raid mirror;12.935334593538222
0.1511454582;5.0;dask;2226488.0;2.123344421;windows;16;hdd raid mirror;14.048350815744195
0.1311113834;6.0;dask;2226488.0;2.123344421;windows;16;hdd raid mirror;16.194966187810053
0.13312006;7.0;dask;2226488.0;2.123344421;windows;16;hdd raid mirror;15.950596934827102
0.1441302299;8.0;dask;2226488.0;2.123344421;windows;16;hdd raid mirror;14.73212401363137
0.1361217499;9.0;dask;2226488.0;2.123344421;windows;16;hdd raid mirror;15.598862213862857
0.338408947;0.0;dask;5580913.0;5.32237339;windows;16;hdd raid mirror;15.727637927965302
0.25024437899999996;1.0;dask;5580913.0;5.32237339;windows;16;hdd raid mirror;21.268703062457202
0.2782428265;2.0;dask;5580913.0;5.32237339;windows;16;hdd raid mirror;19.128519706868346
0.2342031002;3.0;dask;5580913.0;5.32237339;windows;16;hdd raid mirror;22.725460873297187
0.2572507858;4.0;dask;5580913.0;5.32237339;windows;16;hdd raid mirror;20.68943491639278
0.2502355576;5.0;dask;5580913.0;5.32237339;windows;16;hdd raid mirror;21.269452834947547
0.228215456;6.0;dask;5580913.0;5.32237339;windows;16;hdd raid mirror;23.321704337150592
0.2462210655;7.0;dask;5580913.0;5.32237339;windows;16;hdd raid mirror;21.616238964736347
0.2372348309;8.0;dask;5580913.0;5.32237339;windows;16;hdd raid mirror;22.435041978483778
0.2432191372;9.0;dask;5580913.0;5.32237339;windows;16;hdd raid mirror;21.8830370474647
0.5021016598;0.0;dask;11272914.0;10.75068855;windows;16;hdd raid mirror;21.411378234205152
0.4063522816;1.0;dask;11272914.0;10.75068855;windows;16;hdd raid mirror;26.456572380175853
0.4033839703;2.0;dask;11272914.0;10.75068855;windows;16;hdd raid mirror;26.651253747154662
0.46746563909999994;3.0;dask;11272914.0;10.75068855;windows;16;hdd raid mirror;22.997815562867967
0.4233670235;4.0;dask;11272914.0;10.75068855;windows;16;hdd raid mirror;25.39330640616132
0.43339300159999994;5.0;dask;11272914.0;10.75068855;windows;16;hdd raid mirror;24.80586560076101
0.39437747;6.0;dask;11272914.0;10.75068855;windows;16;hdd raid mirror;27.259895323127864
0.41736221310000005;7.0;dask;11272914.0;10.75068855;windows;16;hdd raid mirror;25.75865330535837
0.4053678513;8.0;dask;11272914.0;10.75068855;windows;16;hdd raid mirror;26.520821805485884
0.4023625851;9.0;dask;11272914.0;10.75068855;windows;16;hdd raid mirror;26.718907145226012
0.979871273;0.0;dask;22659207.0;21.60950375;windows;16;hdd raid mirror;22.05341083613949
0.7471826077;1.0;dask;22659207.0;21.60950375;windows;16;hdd raid mirror;28.921315254538676
0.7446784973;2.0;dask;22659207.0;21.60950375;windows;16;hdd raid mirror;29.01856818526402
0.7296955584999999;3.0;dask;22659207.0;21.60950375;windows;16;hdd raid mirror;29.614410418533474
0.7436740398;4.0;dask;22659207.0;21.60950375;windows;16;hdd raid mirror;29.05776266684198
0.7216689587;5.0;dask;22659207.0;21.60950375;windows;16;hdd raid mirror;29.9437900016192
0.7366690636;6.0;dask;22659207.0;21.60950375;windows;16;hdd raid mirror;29.334072540520893
0.7247064114;7.0;dask;22659207.0;21.60950375;windows;16;hdd raid mirror;29.818286978108
0.7246549129000001;8.0;dask;22659207.0;21.60950375;windows;16;hdd raid mirror;29.820406051648526
0.7121503353;9.0;dask;22659207.0;21.60950375;windows;16;hdd raid mirror;30.344019624587823
2.106500149;0.0;dask;56802420.0;54.17100906;windows;16;hdd raid mirror;25.716119263374427
1.609454155;1.0;dask;56802420.0;54.17100906;windows;16;hdd raid mirror;33.65800069030236
1.633052349;2.0;dask;56802420.0;54.17100906;windows;16;hdd raid mirror;33.17163047049388
1.643492699;3.0;dask;56802420.0;54.17100906;windows;16;hdd raid mirror;32.96090642383803
1.663520813;4.0;dask;56802420.0;54.17100906;windows;16;hdd raid mirror;32.56407051638133
1.68053627;5.0;dask;56802420.0;54.17100906;windows;16;hdd raid mirror;32.234358774059665
1.6785156730000002;6.0;dask;56802420.0;54.17100906;windows;16;hdd raid mirror;32.27316249194177
1.645494461;7.0;dask;56802420.0;54.17100906;windows;16;hdd raid mirror;32.92080912085186
1.6205024719999999;8.0;dask;56802420.0;54.17100906;windows;16;hdd raid mirror;33.428526025722725
1.6044580940000002;9.0;dask;56802420.0;54.17100906;windows;16;hdd raid mirror;33.762807057770374
2.7664747239999996;0.0;dask;114707510.0;109.3936062;windows;16;hdd raid mirror;39.5426010044399
1.873209476;1.0;dask;114707510.0;109.3936062;windows;16;hdd raid mirror;58.39902456269658
1.919743776;2.0;dask;114707510.0;109.3936062;windows;16;hdd raid mirror;56.98344100270181
1.9116528030000002;3.0;dask;114707510.0;109.3936062;windows;16;hdd raid mirror;57.224620510757035
1.8497121330000001;4.0;dask;114707510.0;109.3936062;windows;16;hdd raid mirror;59.140881571975925
1.8616857530000002;5.0;dask;114707510.0;109.3936062;windows;16;hdd raid mirror;58.76051101734998
1.8406720159999999;6.0;dask;114707510.0;109.3936062;windows;16;hdd raid mirror;59.43134097172041
1.9057452680000002;7.0;dask;114707510.0;109.3936062;windows;16;hdd raid mirror;57.40200856686581
1.8176782130000002;8.0;dask;114707510.0;109.3936062;windows;16;hdd raid mirror;60.183153111270734
1.888741255;9.0;dask;114707510.0;109.3936062;windows;16;hdd raid mirror;57.91878898732479
3.7676117419999997;0.0;dask;230530004.0;219.85054399999999;windows;16;hdd raid mirror;58.35276006526471
1.989840269;1.0;dask;230530004.0;219.85054399999999;windows;16;hdd raid mirror;110.48652870538524
2.090228558;2.0;dask;230530004.0;219.85054399999999;windows;16;hdd raid mirror;105.18014556760255
2.012882233;3.0;dask;230530004.0;219.85054399999999;windows;16;hdd raid mirror;109.22176190722033
1.956859827;4.0;dask;230530004.0;219.85054399999999;windows;16;hdd raid mirror;112.34864192446831
2.0038170809999998;5.0;dask;230530004.0;219.85054399999999;windows;16;hdd raid mirror;109.71587480943327
2.0078904630000003;6.0;dask;230530004.0;219.85054399999999;windows;16;hdd raid mirror;109.49329560115548
1.9683387280000002;7.0;dask;230530004.0;219.85054399999999;windows;16;hdd raid mirror;111.69345035617262
1.968787909;8.0;dask;230530004.0;219.85054399999999;windows;16;hdd raid mirror;111.66796737982202
1.9743065830000002;9.0;dask;230530004.0;219.85054399999999;windows;16;hdd raid mirror;111.3558278602974
7.2923972610000005;0.0;dask;577978068.0;551.2028389;windows;16;hdd raid mirror;75.5859587968215
4.283892632;1.0;dask;577978068.0;551.2028389;windows;16;hdd raid mirror;128.66868669457352
4.286915541;2.0;dask;577978068.0;551.2028389;windows;16;hdd raid mirror;128.5779562550985
4.266876936;3.0;dask;577978068.0;551.2028389;windows;16;hdd raid mirror;129.18179904591463
4.2834188939999995;4.0;dask;577978068.0;551.2028389;windows;16;hdd raid mirror;128.6829172071164
4.2974228860000006;5.0;dask;577978068.0;551.2028389;windows;16;hdd raid mirror;128.2635787824582
4.2799000739999995;6.0;dask;577978068.0;551.2028389;windows;16;hdd raid mirror;128.78871687881374
4.241371155;7.0;dask;577978068.0;551.2028389;windows;16;hdd raid mirror;129.95864279649442
4.213833094;8.0;dask;577978068.0;551.2028389;windows;16;hdd raid mirror;130.8079429355775
4.305913925;9.0;dask;577978068.0;551.2028389;windows;16;hdd raid mirror;128.01064965552
13.46428919;0.0;dask;1167076869.0;1113.011235;windows;16;hdd raid mirror;82.66394306404524
7.7700676920000005;1.0;dask;1167076869.0;1113.011235;windows;16;hdd raid mirror;143.24344125675344
7.738672256;2.0;dask;1167076869.0;1113.011235;windows;16;hdd raid mirror;143.8245732834922
7.605885506;3.0;dask;1167076869.0;1113.011235;windows;16;hdd raid mirror;146.33552321054358
7.619885445;4.0;dask;1167076869.0;1113.011235;windows;16;hdd raid mirror;146.066662423427
7.664549351000001;5.0;dask;1167076869.0;1113.011235;windows;16;hdd raid mirror;145.21548287177308
7.545380354;6.0;dask;1167076869.0;1113.011235;windows;16;hdd raid mirror;147.5089634692788
8.802467346;7.0;dask;1167076869.0;1113.011235;windows;16;hdd raid mirror;126.44309728746364
7.525433779;8.0;dask;1167076869.0;1113.011235;windows;16;hdd raid mirror;147.89994406779564
8.844022988999999;9.0;dask;1167076869.0;1113.011235;windows;16;hdd raid mirror;125.84897578673629
24.59233689;0.0;dask;2345261749.0;2236.615895;windows;16;hdd raid mirror;90.94767630275416
13.84012318;1.0;dask;2345261749.0;2236.615895;windows;16;hdd raid mirror;161.6037564052952
13.96278167;2.0;dask;2345261749.0;2236.615895;windows;16;hdd raid mirror;160.18412003143496
13.62938952;3.0;dask;2345261749.0;2236.615895;windows;16;hdd raid mirror;164.1024267240988
13.74953914;4.0;dask;2345261749.0;2236.615895;windows;16;hdd raid mirror;162.66842635425235
13.63143754;5.0;dask;2345261749.0;2236.615895;windows;16;hdd raid mirror;164.07777158035526
13.51982355;6.0;dask;2345261749.0;2236.615895;windows;16;hdd raid mirror;165.43232881171735
13.691971300000002;7.0;dask;2345261749.0;2236.615895;windows;16;hdd raid mirror;163.35236511925785
13.59486294;8.0;dask;2345261749.0;2236.615895;windows;16;hdd raid mirror;164.51919411553845
13.67198277;9.0;dask;2345261749.0;2236.615895;windows;16;hdd raid mirror;163.59118736660022
42.29290295;0.0;dask;4701612904.0;4483.8074719999995;windows;16;hdd raid mirror;106.01796422678524
27.70983601;1.0;dask;4701612904.0;4483.8074719999995;windows;16;hdd raid mirror;161.81284762500474
27.62563753;2.0;dask;4701612904.0;4483.8074719999995;windows;16;hdd raid mirror;162.30602704212052
26.64690876;3.0;dask;4701612904.0;4483.8074719999995;windows;16;hdd raid mirror;168.2674531738067
27.20453262;4.0;dask;4701612904.0;4483.8074719999995;windows;16;hdd raid mirror;164.81839753069795
28.70330191;5.0;dask;4701612904.0;4483.8074719999995;windows;16;hdd raid mirror;156.2122534215437
27.74189734;6.0;dask;4701612904.0;4483.8074719999995;windows;16;hdd raid mirror;161.62584040475724
27.58866811;7.0;dask;4701612904.0;4483.8074719999995;windows;16;hdd raid mirror;162.52352067604033
27.26442528;8.0;dask;4701612904.0;4483.8074719999995;windows;16;hdd raid mirror;164.45633553439052
27.38301206;9.0;dask;4701612904.0;4483.8074719999995;windows;16;hdd raid mirror;163.7441294688602
83.90320277;0.0;dask;9474298117.0;9035.39478;windows;16;hdd raid mirror;107.68831798671994
78.35361409;1.0;dask;9474298117.0;9035.39478;windows;16;hdd raid mirror;115.31560968740506
68.18423152;2.0;dask;9474298117.0;9035.39478;windows;16;hdd raid mirror;132.5144330086013
74.29004859999999;3.0;dask;9474298117.0;9035.39478;windows;16;hdd raid mirror;121.62321805238396
78.91106701;4.0;dask;9474298117.0;9035.39478;windows;16;hdd raid mirror;114.50098347871777
83.06834221;5.0;dask;9474298117.0;9035.39478;windows;16;hdd raid mirror;108.7706163336951
79.27958274;6.0;dask;9474298117.0;9035.39478;windows;16;hdd raid mirror;113.96874791372043
79.29115009;7.0;dask;9474298117.0;9035.39478;windows;16;hdd raid mirror;113.9521216396068
72.42200422;8.0;dask;9474298117.0;9035.39478;windows;16;hdd raid mirror;124.76035256567496
79.72527933;9.0;dask;9474298117.0;9035.39478;windows;16;hdd raid mirror;113.33161647011065
159.82102319999998;0.0;dask;19059840483.0;18176.88034;windows;16;hdd raid mirror;113.73272411886299
167.03575039999998;1.0;dask;19059840483.0;18176.88034;windows;16;hdd raid mirror;108.82029922619488
158.6766844;2.0;dask;19059840483.0;18176.88034;windows;16;hdd raid mirror;114.55293768414536
161.5656219;3.0;dask;19059840483.0;18176.88034;windows;16;hdd raid mirror;112.50462893183095
164.2995369;4.0;dask;19059840483.0;18176.88034;windows;16;hdd raid mirror;110.63257196557564
161.3995323;5.0;dask;19059840483.0;18176.88034;windows;16;hdd raid mirror;112.62040280398011
159.4483967;6.0;dask;19059840483.0;18176.88034;windows;16;hdd raid mirror;113.99851435445635
162.6233811;7.0;dask;19059840483.0;18176.88034;windows;16;hdd raid mirror;111.77285957929207
161.4494727;8.0;dask;19059840483.0;18176.88034;windows;16;hdd raid mirror;112.58556646868503
163.58970980000004;9.0;dask;19059840483.0;18176.88034;windows;16;hdd raid mirror;111.11261437056474
229.02419590000002;0.0;dask;28645326699.0;27318.312360000004;windows;16;hdd raid mirror;119.28133729559359
233.4258232;1.0;dask;28645326699.0;27318.312360000004;windows;16;hdd raid mirror;117.03209176044582
232.9855287;2.0;dask;28645326699.0;27318.312360000004;windows;16;hdd raid mirror;117.25325822779311
228.64225750000003;3.0;dask;28645326699.0;27318.312360000004;windows;16;hdd raid mirror;119.48059233976029
229.4842377;4.0;dask;28645326699.0;27318.312360000004;windows;16;hdd raid mirror;119.04221672824723
230.0467861;5.0;dask;28645326699.0;27318.312360000004;windows;16;hdd raid mirror;118.75111503676862
224.8959277;6.0;dask;28645326699.0;27318.312360000004;windows;16;hdd raid mirror;121.47090718530607
233.084604;7.0;dask;28645326699.0;27318.312360000004;windows;16;hdd raid mirror;117.20341837764626
234.18856290000002;8.0;dask;28645326699.0;27318.312360000004;windows;16;hdd raid mirror;116.65092445895871
233.5486054;9.0;dask;28645326699.0;27318.312360000004;windows;16;hdd raid mirror;116.97056513444718
0.1831884384;0.0;dask;1106984.0;1.0557022090000001;windows;16;hdd portable usb 3;5.7629303367651845
0.128115654;1.0;dask;1106984.0;1.0557022090000001;windows;16;hdd portable usb 3;8.240228075485609
0.1391422749;2.0;dask;1106984.0;1.0557022090000001;windows;16;hdd portable usb 3;7.587213948878739
0.14613294599999999;3.0;dask;1106984.0;1.0557022090000001;windows;16;hdd portable usb 3;7.224258717127349
0.1401281357;4.0;dask;1106984.0;1.0557022090000001;windows;16;hdd portable usb 3;7.533834684421626
0.1221513748;5.0;dask;1106984.0;1.0557022090000001;windows;16;hdd portable usb 3;8.642573288499738
0.13912558560000002;6.0;dask;1106984.0;1.0557022090000001;windows;16;hdd portable usb 3;7.588124099870814
0.103094101;7.0;dask;1106984.0;1.0557022090000001;windows;16;hdd portable usb 3;10.240180560864488
0.10610604289999999;8.0;dask;1106984.0;1.0557022090000001;windows;16;hdd portable usb 3;9.949501273880795
0.102093935;9.0;dask;1106984.0;1.0557022090000001;windows;16;hdd portable usb 3;10.340498767140282
0.1601462364;0.0;dask;2226488.0;2.123344421;windows;16;hdd portable usb 3;13.258784400630473
0.1441304684;1.0;dask;2226488.0;2.123344421;windows;16;hdd portable usb 3;14.73209963563818
0.1581432819;2.0;dask;2226488.0;2.123344421;windows;16;hdd portable usb 3;13.426712760031574
0.19817972179999999;3.0;dask;2226488.0;2.123344421;windows;16;hdd portable usb 3;10.71423656121007
0.1681518555;4.0;dask;2226488.0;2.123344421;windows;16;hdd portable usb 3;12.627540830199166
0.1581454277;5.0;dask;2226488.0;2.123344421;windows;16;hdd portable usb 3;13.426530579359898
0.1421294212;6.0;dask;2226488.0;2.123344421;windows;16;hdd portable usb 3;14.939513600158108
0.1371262074;7.0;dask;2226488.0;2.123344421;windows;16;hdd portable usb 3;15.484599634599098
0.139125824;8.0;dask;2226488.0;2.123344421;windows;16;hdd portable usb 3;15.262043810069365
0.1411290169;9.0;dask;2226488.0;2.123344421;windows;16;hdd portable usb 3;15.04541353465632
0.3583350182;0.0;dask;5580913.0;5.32237339;windows;16;hdd portable usb 3;14.853065203438717
0.23523092269999998;1.0;dask;5580913.0;5.32237339;windows;16;hdd portable usb 3;22.626163809202286
0.27827072140000003;2.0;dask;5580913.0;5.32237339;windows;16;hdd portable usb 3;19.12660219236417
0.2402353287;3.0;dask;5580913.0;5.32237339;windows;16;hdd portable usb 3;22.15483217560582
0.2802379131;4.0;dask;5580913.0;5.32237339;windows;16;hdd portable usb 3;18.992338799285754
0.2512307167;5.0;dask;5580913.0;5.32237339;windows;16;hdd portable usb 3;21.185201634223574
0.2592480183;6.0;dask;5580913.0;5.32237339;windows;16;hdd portable usb 3;20.530044645668177
0.25423121449999997;7.0;dask;5580913.0;5.32237339;windows;16;hdd portable usb 3;20.935168800839758
0.2402181625;8.0;dask;5580913.0;5.32237339;windows;16;hdd portable usb 3;22.156415379290898
0.2662272453;9.0;dask;5580913.0;5.32237339;windows;16;hdd portable usb 3;19.991843374266395
0.5523622036;0.0;dask;11272914.0;10.75068855;windows;16;hdd portable usb 3;19.463114021800894
0.39737009999999995;1.0;dask;11272914.0;10.75068855;windows;16;hdd portable usb 3;27.05459859712646
0.3953499794;2.0;dask;11272914.0;10.75068855;windows;16;hdd portable usb 3;27.19283953502591
0.4123837948;3.0;dask;11272914.0;10.75068855;windows;16;hdd portable usb 3;26.069619334130053
0.4293899536;4.0;dask;11272914.0;10.75068855;windows;16;hdd portable usb 3;25.037121758127693
0.4243762493;5.0;dask;11272914.0;10.75068855;windows;16;hdd portable usb 3;25.332917588420752
0.412365675;6.0;dask;11272914.0;10.75068855;windows;16;hdd portable usb 3;26.070764861794085
0.43040037159999994;7.0;dask;11272914.0;10.75068855;windows;16;hdd portable usb 3;24.97834402427361
0.42138242719999996;8.0;dask;11272914.0;10.75068855;windows;16;hdd portable usb 3;25.512901953306706
0.4223930836;9.0;dask;11272914.0;10.75068855;windows;16;hdd portable usb 3;25.45185744608627
1.052905798;0.0;dask;22659207.0;21.60950375;windows;16;hdd portable usb 3;20.523681977103138
0.7306616306;1.0;dask;22659207.0;21.60950375;windows;16;hdd portable usb 3;29.575254598020763
0.7366929054000001;2.0;dask;22659207.0;21.60950375;windows;16;hdd portable usb 3;29.3331231936688
0.7046408653;3.0;dask;22659207.0;21.60950375;windows;16;hdd portable usb 3;30.66740067764843
0.7176523209000001;4.0;dask;22659207.0;21.60950375;windows;16;hdd portable usb 3;30.11138279731298
0.7206528187000001;5.0;dask;22659207.0;21.60950375;windows;16;hdd portable usb 3;29.986011556829556
0.7307033539;6.0;dask;22659207.0;21.60950375;windows;16;hdd portable usb 3;29.573565845377736
0.7336671351999999;7.0;dask;22659207.0;21.60950375;windows;16;hdd portable usb 3;29.454098068750458
0.7128174305;8.0;dask;22659207.0;21.60950375;windows;16;hdd portable usb 3;30.31562196065013
0.7066617012;9.0;dask;22659207.0;21.60950375;windows;16;hdd portable usb 3;30.579701310123863
2.297464371;0.0;dask;56802420.0;54.17100906;windows;16;hdd portable usb 3;23.57860680834907
1.6144642830000002;1.0;dask;56802420.0;54.17100906;windows;16;hdd portable usb 3;33.55355063002035
1.6545574669999998;2.0;dask;56802420.0;54.17100906;windows;16;hdd portable usb 3;32.7404820566441
1.618475914;3.0;dask;56802420.0;54.17100906;windows;16;hdd portable usb 3;33.470383211399465
1.630079269;4.0;dask;56802420.0;54.17100906;windows;16;hdd portable usb 3;33.23213176818826
1.6284794809999998;5.0;dask;56802420.0;54.17100906;windows;16;hdd portable usb 3;33.264778397290726
1.640541077;6.0;dask;56802420.0;54.17100906;windows;16;hdd portable usb 3;33.02020889294685
1.631507874;7.0;dask;56802420.0;54.17100906;windows;16;hdd portable usb 3;33.203032558579
1.6264927390000001;8.0;dask;56802420.0;54.17100906;windows;16;hdd portable usb 3;33.30541093795808
1.631547928;9.0;dask;56802420.0;54.17100906;windows;16;hdd portable usb 3;33.20221743433822
3.0576732160000004;0.0;dask;114707510.0;109.3936062;windows;16;hdd portable usb 3;35.77674868183166
1.856686831;1.0;dask;114707510.0;109.3936062;windows;16;hdd portable usb 3;58.91871713286256
1.846685648;2.0;dask;114707510.0;109.3936062;windows;16;hdd portable usb 3;59.237806022089146
1.947810888;3.0;dask;114707510.0;109.3936062;windows;16;hdd portable usb 3;56.16233427687873
1.889853716;4.0;dask;114707510.0;109.3936062;windows;16;hdd portable usb 3;57.88469513478471
1.873237848;5.0;dask;114707510.0;109.3936062;windows;16;hdd portable usb 3;58.39814005295498
1.894721031;6.0;dask;114707510.0;109.3936062;windows;16;hdd portable usb 3;57.73599617578742
1.8316712380000002;7.0;dask;114707510.0;109.3936062;windows;16;hdd portable usb 3;59.72338481410384
1.8396852019999999;8.0;dask;114707510.0;109.3936062;windows;16;hdd portable usb 3;59.46322016455509
1.9407558440000001;9.0;dask;114707510.0;109.3936062;windows;16;hdd portable usb 3;56.366495836248006
4.410549164;0.0;dask;230530004.0;219.85054399999999;windows;16;hdd portable usb 3;49.84652382847806
1.9597716330000001;1.0;dask;230530004.0;219.85054399999999;windows;16;hdd portable usb 3;112.18171561318847
2.132954836;2.0;dask;230530004.0;219.85054399999999;windows;16;hdd portable usb 3;103.07322981685486
1.92125988;3.0;dask;230530004.0;219.85054399999999;windows;16;hdd portable usb 3;114.43040386602982
2.024370193;4.0;dask;230530004.0;219.85054399999999;windows;16;hdd portable usb 3;108.60194679817634
1.9907970430000002;5.0;dask;230530004.0;219.85054399999999;windows;16;hdd portable usb 3;110.43342904945231
1.984833956;6.0;dask;230530004.0;219.85054399999999;windows;16;hdd portable usb 3;110.76520700152713
2.017345428;7.0;dask;230530004.0;219.85054399999999;windows;16;hdd portable usb 3;108.98011859969873
1.93977356;8.0;dask;230530004.0;219.85054399999999;windows;16;hdd portable usb 3;113.33825170810144
1.932765245;9.0;dask;230530004.0;219.85054399999999;windows;16;hdd portable usb 3;113.74922255496166
8.987576962;0.0;dask;577978068.0;551.2028389;windows;16;hdd portable usb 3;61.32941517280105
4.323935032;1.0;dask;577978068.0;551.2028389;windows;16;hdd portable usb 3;127.47713247787762
4.259862185;2.0;dask;577978068.0;551.2028389;windows;16;hdd portable usb 3;129.39452380429532
4.172785521000001;3.0;dask;577978068.0;551.2028389;windows;16;hdd portable usb 3;132.0946969658544
4.197818995;4.0;dask;577978068.0;551.2028389;windows;16;hdd portable usb 3;131.30695715001877
4.300920248;5.0;dask;577978068.0;551.2028389;windows;16;hdd portable usb 3;128.15927920456525
4.315441132;6.0;dask;577978068.0;551.2028389;windows;16;hdd portable usb 3;127.72804031845149
4.30551672;7.0;dask;577978068.0;551.2028389;windows;16;hdd portable usb 3;128.0224592647732
4.38549304;8.0;dask;577978068.0;551.2028389;windows;16;hdd portable usb 3;125.68776962418801
4.351966858;9.0;dask;577978068.0;551.2028389;windows;16;hdd portable usb 3;126.65602861537232
16.15842009;0.0;dask;1167076869.0;1113.011235;windows;16;hdd portable usb 3;68.88119189875573
7.72201705;1.0;dask;1167076869.0;1113.011235;windows;16;hdd portable usb 3;144.13478082128813
7.552387952999999;2.0;dask;1167076869.0;1113.011235;windows;16;hdd portable usb 3;147.37209501504537
8.891087532;3.0;dask;1167076869.0;1113.011235;windows;16;hdd portable usb 3;125.18280030357933
7.552858829;4.0;dask;1167076869.0;1113.011235;windows;16;hdd portable usb 3;147.36290723804814
8.969193935;5.0;dask;1167076869.0;1113.011235;windows;16;hdd portable usb 3;124.09267132208575
7.504825115;6.0;dask;1167076869.0;1113.011235;windows;16;hdd portable usb 3;148.3060854776494
7.469778061;7.0;dask;1167076869.0;1113.011235;windows;16;hdd portable usb 3;149.00191490441657
7.501373291;8.0;dask;1167076869.0;1113.011235;windows;16;hdd portable usb 3;148.37432984909162
7.53488493;9.0;dask;1167076869.0;1113.011235;windows;16;hdd portable usb 3;147.71443032508262
28.81000066;0.0;dask;2345261749.0;2236.615895;windows;16;hdd portable usb 3;77.63331634022947
13.69347405;1.0;dask;2345261749.0;2236.615895;windows;16;hdd portable usb 3;163.33443849480986
13.41902304;2.0;dask;2345261749.0;2236.615895;windows;16;hdd portable usb 3;166.6750171255388
13.76352072;3.0;dask;2345261749.0;2236.615895;windows;16;hdd portable usb 3;162.50318072685693
13.60795546;4.0;dask;2345261749.0;2236.615895;windows;16;hdd portable usb 3;164.36090649873424
14.602623699999999;5.0;dask;2345261749.0;2236.615895;windows;16;hdd portable usb 3;153.16534486881287
13.70351171;6.0;dask;2345261749.0;2236.615895;windows;16;hdd portable usb 3;163.2147979534218
13.6229353;7.0;dask;2345261749.0;2236.615895;windows;16;hdd portable usb 3;164.18017451789555
13.71848559;8.0;dask;2345261749.0;2236.615895;windows;16;hdd portable usb 3;163.03664718140362
14.18991947;9.0;dask;2345261749.0;2236.615895;windows;16;hdd portable usb 3;157.6200555421475
50.64683914;0.0;dask;4701612904.0;4483.8074719999995;windows;16;hdd portable usb 3;88.53084512551082
26.53015161;1.0;dask;4701612904.0;4483.8074719999995;windows;16;hdd portable usb 3;169.00798525063533
26.0557611;2.0;dask;4701612904.0;4483.8074719999995;windows;16;hdd portable usb 3;172.0850699694203
26.5486207;3.0;dask;4701612904.0;4483.8074719999995;windows;16;hdd portable usb 3;168.8904113952707
26.37649822;4.0;dask;4701612904.0;4483.8074719999995;windows;16;hdd portable usb 3;169.99252268446116
26.84738469;5.0;dask;4701612904.0;4483.8074719999995;windows;16;hdd portable usb 3;167.01095930845395
27.04042363;6.0;dask;4701612904.0;4483.8074719999995;windows;16;hdd portable usb 3;165.8186844020239
26.98062873;7.0;dask;4701612904.0;4483.8074719999995;windows;16;hdd portable usb 3;166.186174416848
27.13767099;8.0;dask;4701612904.0;4483.8074719999995;windows;16;hdd portable usb 3;165.22447610379845
26.40014291;9.0;dask;4701612904.0;4483.8074719999995;windows;16;hdd portable usb 3;169.84027273206908
101.6909416;0.0;dask;9474298117.0;9035.39478;windows;16;hdd portable usb 3;88.8515204780049
80.19509935;1.0;dask;9474298117.0;9035.39478;windows;16;hdd portable usb 3;112.6676673915736
72.42267537;2.0;dask;9474298117.0;9035.39478;windows;16;hdd portable usb 3;124.75919639586772
95.82166791;3.0;dask;9474298117.0;9035.39478;windows;16;hdd portable usb 3;94.29385834200306
80.79204082;4.0;dask;9474298117.0;9035.39478;windows;16;hdd portable usb 3;111.83520911583777
85.90002322;5.0;dask;9474298117.0;9035.39478;windows;16;hdd portable usb 3;105.18500975092054
77.1780057;6.0;dask;9474298117.0;9035.39478;windows;16;hdd portable usb 3;117.07214637187757
96.49298596;7.0;dask;9474298117.0;9035.39478;windows;16;hdd portable usb 3;93.6378399953911
88.46577311;8.0;dask;9474298117.0;9035.39478;windows;16;hdd portable usb 3;102.13435617371728
89.57220006;9.0;dask;9474298117.0;9035.39478;windows;16;hdd portable usb 3;100.87275710485659
196.9057105;0.0;dask;19059840483.0;18176.88034;windows;16;hdd portable usb 3;92.31261142119085
197.5759525;1.0;dask;19059840483.0;18176.88034;windows;16;hdd portable usb 3;91.99945696832715
199.07653380000002;2.0;dask;19059840483.0;18176.88034;windows;16;hdd portable usb 3;91.30599168589703
195.2116244;3.0;dask;19059840483.0;18176.88034;windows;16;hdd portable usb 3;93.11371900043468
196.80897119999997;4.0;dask;19059840483.0;18176.88034;windows;16;hdd portable usb 3;92.35798667698133
197.5148215;5.0;dask;19059840483.0;18176.88034;windows;16;hdd portable usb 3;92.0279308760634
195.56585980000003;6.0;dask;19059840483.0;18176.88034;windows;16;hdd portable usb 3;92.94505880826546
196.90504909999999;7.0;dask;19059840483.0;18176.88034;windows;16;hdd portable usb 3;92.31292149734925
195.01755480000003;8.0;dask;19059840483.0;18176.88034;windows;16;hdd portable usb 3;93.20638010583853
196.5096714;9.0;dask;19059840483.0;18176.88034;windows;16;hdd portable usb 3;92.49865520868201
297.7925074;0.0;dask;28645326699.0;27318.312360000004;windows;16;hdd portable usb 3;91.7360634708837
296.6629083;1.0;dask;28645326699.0;27318.312360000004;windows;16;hdd portable usb 3;92.0853655637138
297.5942345;2.0;dask;28645326699.0;27318.312360000004;windows;16;hdd portable usb 3;91.79718285167249
299.2601337;3.0;dask;28645326699.0;27318.312360000004;windows;16;hdd portable usb 3;91.28617307705228
298.33210660000003;4.0;dask;28645326699.0;27318.312360000004;windows;16;hdd portable usb 3;91.5701386328762
296.0729992;5.0;dask;28645326699.0;27318.312360000004;windows;16;hdd portable usb 3;92.26884056909977
296.70820430000003;6.0;dask;28645326699.0;27318.312360000004;windows;16;hdd portable usb 3;92.07130764870462
296.6858709;7.0;dask;28645326699.0;27318.312360000004;windows;16;hdd portable usb 3;92.07823843154239
305.35785580000004;8.0;dask;28645326699.0;27318.312360000004;windows;16;hdd portable usb 3;89.46327019630586
299.7128303;9.0;dask;28645326699.0;27318.312360000004;windows;16;hdd portable usb 3;91.14829129155237
0.1128647327;0.0;dask;1106984.0;1.0557022090000001;windows;16;ssd nvme;9.353694318367
0.1028926373;1.0;dask;1106984.0;1.0557022090000001;windows;16;ssd nvme;10.260230826059312
0.1061291695;2.0;dask;1106984.0;1.0557022090000001;windows;16;ssd nvme;9.947333178744984
0.1621463299;3.0;dask;1106984.0;1.0557022090000001;windows;16;ssd nvme;6.5107992863673205
0.123111248;4.0;dask;1106984.0;1.0557022090000001;windows;16;ssd nvme;8.575188913688862
0.1525290012;5.0;dask;1106984.0;1.0557022090000001;windows;16;ssd nvme;6.9213211959326735
0.1291179657;6.0;dask;1106984.0;1.0557022090000001;windows;16;ssd nvme;8.176261167658716
0.1331210136;7.0;dask;1106984.0;1.0557022090000001;windows;16;ssd nvme;7.9303949124978725
0.11710691449999999;8.0;dask;1106984.0;1.0557022090000001;windows;16;ssd nvme;9.014858033852477
0.103094101;9.0;dask;1106984.0;1.0557022090000001;windows;16;ssd nvme;10.240180560864488
0.1331348419;0.0;dask;2226488.0;2.123344421;windows;16;ssd nvme;15.948825947417152
0.1423609257;1.0;dask;2226488.0;2.123344421;windows;16;ssd nvme;14.915219260898638
0.1652910709;2.0;dask;2226488.0;2.123344421;windows;16;ssd nvme;12.846092710504667
0.14449048039999998;3.0;dask;2226488.0;2.123344421;windows;16;ssd nvme;14.695393185224681
0.1294562817;4.0;dask;2226488.0;2.123344421;windows;16;ssd nvme;16.40201922314288
0.15514183039999999;5.0;dask;2226488.0;2.123344421;windows;16;ssd nvme;13.686472665208418
0.1413249969;6.0;dask;2226488.0;2.123344421;windows;16;ssd nvme;15.024549567140307
0.1385304928;7.0;dask;2226488.0;2.123344421;windows;16;ssd nvme;15.327632047519868
0.13193249699999998;8.0;dask;2226488.0;2.123344421;windows;16;ssd nvme;16.094172923900626
0.1394445896;9.0;dask;2226488.0;2.123344421;windows;16;ssd nvme;15.227155295812208
0.2836866379;0.0;dask;5580913.0;5.32237339;windows;16;ssd nvme;18.76145252874457
0.2498748302;1.0;dask;5580913.0;5.32237339;windows;16;ssd nvme;21.300158106120445
0.2497038841;2.0;dask;5580913.0;5.32237339;windows;16;ssd nvme;21.31474009378455
0.2536652088;3.0;dask;5580913.0;5.32237339;windows;16;ssd nvme;20.981881650929814
0.2380988598;4.0;dask;5580913.0;5.32237339;windows;16;ssd nvme;22.353628213384667
0.25583839420000004;5.0;dask;5580913.0;5.32237339;windows;16;ssd nvme;20.803653832502047
0.2410566807;6.0;dask;5580913.0;5.32237339;windows;16;ssd nvme;22.07934405528384
0.2528054714;7.0;dask;5580913.0;5.32237339;windows;16;ssd nvme;21.053236547949176
0.2494661808;8.0;dask;5580913.0;5.32237339;windows;16;ssd nvme;21.335049796858076
0.2485177517;9.0;dask;5580913.0;5.32237339;windows;16;ssd nvme;21.416471674928644
0.4053554535;0.0;dask;11272914.0;10.75068855;windows;16;ssd nvme;26.521632945046832
0.4212203026;1.0;dask;11272914.0;10.75068855;windows;16;ssd nvme;25.522721681839464
0.4135332108;2.0;dask;11272914.0;10.75068855;windows;16;ssd nvme;25.997158799416066
0.44902014729999995;3.0;dask;11272914.0;10.75068855;windows;16;ssd nvme;23.9425527220658
0.4159286022;4.0;dask;11272914.0;10.75068855;windows;16;ssd nvme;25.847437500416266
0.4142227173;5.0;dask;11272914.0;10.75068855;windows;16;ssd nvme;25.953884470836094
0.45814776420000003;6.0;dask;11272914.0;10.75068855;windows;16;ssd nvme;23.465548432332607
0.5051236153;7.0;dask;11272914.0;10.75068855;windows;16;ssd nvme;21.283282397349435
0.432954073;8.0;dask;11272914.0;10.75068855;windows;16;ssd nvme;24.8310137736018
0.4098603725;9.0;dask;11272914.0;10.75068855;windows;16;ssd nvme;26.23012438217603
0.7591309547;0.0;dask;22659207.0;21.60950375;windows;16;ssd nvme;28.466108009704108
0.7288374901000001;1.0;dask;22659207.0;21.60950375;windows;16;ssd nvme;29.649275789909034
0.7644536495;2.0;dask;22659207.0;21.60950375;windows;16;ssd nvme;28.267905796687543
0.7320566177;3.0;dask;22659207.0;21.60950375;windows;16;ssd nvme;29.518896800487184
0.7636945248;4.0;dask;22659207.0;21.60950375;windows;16;ssd nvme;28.2960045518975
0.7214298248000001;5.0;dask;22659207.0;21.60950375;windows;16;ssd nvme;29.953715534273538
0.8369069098999999;6.0;dask;22659207.0;21.60950375;windows;16;ssd nvme;25.820677896639744
0.7878034115000001;7.0;dask;22659207.0;21.60950375;windows;16;ssd nvme;27.430071302756723
0.739086628;8.0;dask;22659207.0;21.60950375;windows;16;ssd nvme;29.2381203113852
0.758699894;9.0;dask;22659207.0;21.60950375;windows;16;ssd nvme;28.48228122989562
1.695720673;0.0;dask;56802420.0;54.17100906;windows;16;ssd nvme;31.945714835311204
1.700024605;1.0;dask;56802420.0;54.17100906;windows;16;ssd nvme;31.864838250385205
1.696619511;2.0;dask;56802420.0;54.17100906;windows;16;ssd nvme;31.9287905796104
1.741971016;3.0;dask;56802420.0;54.17100906;windows;16;ssd nvme;31.097537537903563
1.7392315859999998;4.0;dask;56802420.0;54.17100906;windows;16;ssd nvme;31.146518667238606
1.731327057;5.0;dask;56802420.0;54.17100906;windows;16;ssd nvme;31.288720892438526
1.6689367290000001;6.0;dask;56802420.0;54.17100906;windows;16;ssd nvme;32.45839588685809
1.695460081;7.0;dask;56802420.0;54.17100906;windows;16;ssd nvme;31.95062488764075
1.732763529;8.0;dask;56802420.0;54.17100906;windows;16;ssd nvme;31.26278234356813
1.7802226540000001;9.0;dask;56802420.0;54.17100906;windows;16;ssd nvme;30.429344856545118
2.070456982;0.0;dask;114707510.0;109.3936062;windows;16;ssd nvme;52.83548856655259
1.865422726;1.0;dask;114707510.0;109.3936062;windows;16;ssd nvme;58.64279697855466
1.9694597719999998;2.0;dask;114707510.0;109.3936062;windows;16;ssd nvme;55.54498129652582
1.924282789;3.0;dask;114707510.0;109.3936062;windows;16;ssd nvme;56.849028025059155
1.98678422;4.0;dask;114707510.0;109.3936062;windows;16;ssd nvme;55.060637737499235
1.9788017269999998;5.0;dask;114707510.0;109.3936062;windows;16;ssd nvme;55.282752540270046
1.939260006;6.0;dask;114707510.0;109.3936062;windows;16;ssd nvme;56.4099738361747
1.9638967509999998;7.0;dask;114707510.0;109.3936062;windows;16;ssd nvme;55.70232047295647
1.970199585;8.0;dask;114707510.0;109.3936062;windows;16;ssd nvme;55.52412406989721
1.9656250480000002;9.0;dask;114707510.0;109.3936062;windows;16;ssd nvme;55.65334360757494
2.3016622069999997;0.0;dask;230530004.0;219.85054399999999;windows;16;ssd nvme;95.51816219225084
2.015943766;1.0;dask;230530004.0;219.85054399999999;windows;16;ssd nvme;109.05589119493325
1.988093615;2.0;dask;230530004.0;219.85054399999999;windows;16;ssd nvme;110.58359744292021
2.011264324;3.0;dask;230530004.0;219.85054399999999;windows;16;ssd nvme;109.30962249793279
2.0743141169999997;4.0;dask;230530004.0;219.85054399999999;windows;16;ssd nvme;105.98710301309684
2.007539272;5.0;dask;230530004.0;219.85054399999999;windows;16;ssd nvme;109.51244992630959
2.009510756;6.0;dask;230530004.0;219.85054399999999;windows;16;ssd nvme;109.40500982319698
2.023925066;7.0;dask;230530004.0;219.85054399999999;windows;16;ssd nvme;108.62583190122909
2.031561852;8.0;dask;230530004.0;219.85054399999999;windows;16;ssd nvme;108.21749964617862
2.023614883;9.0;dask;230530004.0;219.85054399999999;windows;16;ssd nvme;108.64248224646012
19.48370051;0.0;dask;577978068.0;551.2028389;windows;16;ssd nvme;28.29045943387887
7.690968752000001;1.0;dask;577978068.0;551.2028389;windows;16;ssd nvme;71.66884389650683
4.387736082;2.0;dask;577978068.0;551.2028389;windows;16;ssd nvme;125.62351713933371
4.618659735;3.0;dask;577978068.0;551.2028389;windows;16;ssd nvme;119.34259515222764
4.298944235;4.0;dask;577978068.0;551.2028389;windows;16;ssd nvme;128.21818771510536
4.383896351000001;5.0;dask;577978068.0;551.2028389;windows;16;ssd nvme;125.73354723002663
4.442711353;6.0;dask;577978068.0;551.2028389;windows;16;ssd nvme;124.06901891742143
4.204694033;7.0;dask;577978068.0;551.2028389;windows;16;ssd nvme;131.09225893107927
4.281462669;8.0;dask;577978068.0;551.2028389;windows;16;ssd nvme;128.7417131745637
4.29195714;9.0;dask;577978068.0;551.2028389;windows;16;ssd nvme;128.42692061458936
11.09684587;0.0;dask;1167076869.0;1113.011235;windows;16;ssd nvme;100.29978320317069
7.839896679;1.0;dask;1167076869.0;1113.011235;windows;16;ssd nvme;141.96758969812947
8.793138266;2.0;dask;1167076869.0;1113.011235;windows;16;ssd nvme;126.57724709090796
7.749206066;3.0;dask;1167076869.0;1113.011235;windows;16;ssd nvme;143.62906670960632
8.719413996;4.0;dask;1167076869.0;1113.011235;windows;16;ssd nvme;127.64748129984307
7.92744112;5.0;dask;1167076869.0;1113.011235;windows;16;ssd nvme;140.39981100484036
10.08375025;6.0;dask;1167076869.0;1113.011235;windows;16;ssd nvme;110.37671574620762
7.764071226;7.0;dask;1167076869.0;1113.011235;windows;16;ssd nvme;143.35407321777188
8.93509984;8.0;dask;1167076869.0;1113.011235;windows;16;ssd nvme;124.56617776304557
7.907192945;9.0;dask;1167076869.0;1113.011235;windows;16;ssd nvme;140.75933681418468
17.37077975;0.0;dask;2345261749.0;2236.615895;windows;16;ssd nvme;128.7573688222027
14.493786100000001;1.0;dask;2345261749.0;2236.615895;windows;16;ssd nvme;154.31550317966952
13.79911399;2.0;dask;2345261749.0;2236.615895;windows;16;ssd nvme;162.08402196118098
14.259329800000001;3.0;dask;2345261749.0;2236.615895;windows;16;ssd nvme;156.85280629388345
14.20786119;4.0;dask;2345261749.0;2236.615895;windows;16;ssd nvme;157.42101257113984
13.97630548;5.0;dask;2345261749.0;2236.615895;windows;16;ssd nvme;160.02912201658603
13.84038162;6.0;dask;2345261749.0;2236.615895;windows;16;ssd nvme;161.6007387952356
13.78916407;7.0;dask;2345261749.0;2236.615895;windows;16;ssd nvme;162.20097778559537
13.61668086;8.0;dask;2345261749.0;2236.615895;windows;16;ssd nvme;164.25558607092154
13.69345331;9.0;dask;2345261749.0;2236.615895;windows;16;ssd nvme;163.33468587990532
30.02303934;0.0;dask;4701612904.0;4483.8074719999995;windows;16;ssd nvme;149.34555496605492
26.59588242;1.0;dask;4701612904.0;4483.8074719999995;windows;16;ssd nvme;168.5902878194481
26.47314382;2.0;dask;4701612904.0;4483.8074719999995;windows;16;ssd nvme;169.3719303792155
26.61826468;3.0;dask;4701612904.0;4483.8074719999995;windows;16;ssd nvme;168.4485268256037
26.45869946;4.0;dask;4701612904.0;4483.8074719999995;windows;16;ssd nvme;169.46439407494594
26.39770985;5.0;dask;4701612904.0;4483.8074719999995;windows;16;ssd nvme;169.85592680116528
26.67163038;6.0;dask;4701612904.0;4483.8074719999995;windows;16;ssd nvme;168.1114880536973
26.54412174;7.0;dask;4701612904.0;4483.8074719999995;windows;16;ssd nvme;168.91903661077765
26.56916714;8.0;dask;4701612904.0;4483.8074719999995;windows;16;ssd nvme;168.75980524243107
26.62118912;9.0;dask;4701612904.0;4483.8074719999995;windows;16;ssd nvme;168.43002210714167
54.85760355;0.0;dask;9474298117.0;9035.39478;windows;16;ssd nvme;164.70633413223536
54.97458267;1.0;dask;9474298117.0;9035.39478;windows;16;ssd nvme;164.35585940210652
54.54020476;2.0;dask;9474298117.0;9035.39478;windows;16;ssd nvme;165.6648488900906
54.75498271;3.0;dask;9474298117.0;9035.39478;windows;16;ssd nvme;165.015023890234
54.21710372;4.0;dask;9474298117.0;9035.39478;windows;16;ssd nvme;166.6521108663899
55.49590039;5.0;dask;9474298117.0;9035.39478;windows;16;ssd nvme;162.81193235001768
53.69816208;6.0;dask;9474298117.0;9035.39478;windows;16;ssd nvme;168.26264494004448
54.17515612;7.0;dask;9474298117.0;9035.39478;windows;16;ssd nvme;166.78114890866698
55.05495429;8.0;dask;9474298117.0;9035.39478;windows;16;ssd nvme;164.11592556060228
54.97116232;9.0;dask;9474298117.0;9035.39478;windows;16;ssd nvme;164.36608575607067
106.73765060000001;0.0;dask;19059840483.0;18176.88034;windows;16;ssd nvme;170.29492627786954
107.08929509999999;1.0;dask;19059840483.0;18176.88034;windows;16;ssd nvme;169.73573617256915
107.00934050000001;2.0;dask;19059840483.0;18176.88034;windows;16;ssd nvme;169.86255830630037
107.77121809999998;3.0;dask;19059840483.0;18176.88034;windows;16;ssd nvme;168.66173232944095
107.8954844;4.0;dask;19059840483.0;18176.88034;windows;16;ssd nvme;168.46747981234327
108.3604696;5.0;dask;19059840483.0;18176.88034;windows;16;ssd nvme;167.74456964885653
106.88631370000002;6.0;dask;19059840483.0;18176.88034;windows;16;ssd nvme;170.05807114854215
107.16851740000001;7.0;dask;19059840483.0;18176.88034;windows;16;ssd nvme;169.61026223919748
107.7653797;8.0;dask;19059840483.0;18176.88034;windows;16;ssd nvme;168.6708699083255
108.15340020000001;9.0;dask;19059840483.0;18176.88034;windows;16;ssd nvme;168.06573169578442
161.5055208;0.0;dask;28645326699.0;27318.312360000004;windows;16;ssd nvme;169.14785466578306
172.2323899;1.0;dask;28645326699.0;27318.312360000004;windows;16;ssd nvme;158.61309464416834
162.2080243;2.0;dask;28645326699.0;27318.312360000004;windows;16;ssd nvme;168.4152955927471
158.2833798;3.0;dask;28645326699.0;27318.312360000004;windows;16;ssd nvme;172.59116146318226
157.5197301;4.0;dask;28645326699.0;27318.312360000004;windows;16;ssd nvme;173.4278768929912
158.3374031;5.0;dask;28645326699.0;27318.312360000004;windows;16;ssd nvme;172.5322749088336
157.50640990000002;6.0;dask;28645326699.0;27318.312360000004;windows;16;ssd nvme;173.44254355961928
156.9681334;7.0;dask;28645326699.0;27318.312360000004;windows;16;ssd nvme;174.03731425145432
158.4951153;8.0;dask;28645326699.0;27318.312360000004;windows;16;ssd nvme;172.36059488831452
157.85829760000001;9.0;dask;28645326699.0;27318.312360000004;windows;16;ssd nvme;173.05591644743546
0.0490527153;0.0;pandas;1106984.0;1.0557022090000001;windows;16;ssd nvme;21.52178941661972
0.04704213142;1.0;pandas;1106984.0;1.0557022090000001;windows;16;ssd nvme;22.44163215255947
0.1211104393;2.0;pandas;1106984.0;1.0557022090000001;windows;16;ssd nvme;8.716855583232949
0.05403518677;3.0;pandas;1106984.0;1.0557022090000001;windows;16;ssd nvme;19.537310262173822
0.04503965378000001;4.0;pandas;1106984.0;1.0557022090000001;windows;16;ssd nvme;23.43939440912816
0.04103755951;5.0;pandas;1106984.0;1.0557022090000001;windows;16;ssd nvme;25.725267818198287
0.04103827477;6.0;pandas;1106984.0;1.0557022090000001;windows;16;ssd nvme;25.724819450055065
0.046043634410000006;7.0;pandas;1106984.0;1.0557022090000001;windows;16;ssd nvme;22.92829883061353
0.03703331947;8.0;pandas;1106984.0;1.0557022090000001;windows;16;ssd nvme;28.50682099548772
0.03703379631;9.0;pandas;1106984.0;1.0557022090000001;windows;16;ssd nvme;28.506453947172993
0.09108304977;0.0;pandas;2226488.0;2.123344421;windows;16;ssd nvme;23.312179668575016
0.07706809044;1.0;pandas;2226488.0;2.123344421;windows;16;ssd nvme;27.551537982546645
0.08908081055;2.0;pandas;2226488.0;2.123344421;windows;16;ssd nvme;23.836159638536206
0.06880140305;3.0;pandas;2226488.0;2.123344421;windows;16;ssd nvme;30.861934886079332
0.08009195328;4.0;pandas;2226488.0;2.123344421;windows;16;ssd nvme;26.51133271249893
0.07406878471;5.0;pandas;2226488.0;2.123344421;windows;16;ssd nvme;28.667196705244823
0.07306480408;6.0;pandas;2226488.0;2.123344421;windows;16;ssd nvme;29.06111153976559
0.07606792450000001;7.0;pandas;2226488.0;2.123344421;windows;16;ssd nvme;27.91379461128849
0.08207368850999999;8.0;pandas;2226488.0;2.123344421;windows;16;ssd nvme;25.87119525816472
0.06305718422;9.0;pandas;2226488.0;2.123344421;windows;16;ssd nvme;33.673314900834626
0.1681749821;0.0;pandas;5580913.0;5.32237339;windows;16;ssd nvme;31.64783086960709
0.17416596410000001;1.0;pandas;5580913.0;5.32237339;windows;16;ssd nvme;30.559204937102862
0.2012019157;2.0;pandas;5580913.0;5.32237339;windows;16;ssd nvme;26.45289619377118
0.1791777611;3.0;pandas;5580913.0;5.32237339;windows;16;ssd nvme;29.704430713527874
0.1651380062;4.0;pandas;5580913.0;5.32237339;windows;16;ssd nvme;32.22985133751724
0.17617654800000002;5.0;pandas;5580913.0;5.32237339;windows;16;ssd nvme;30.210453379981082
0.1661660671;6.0;pandas;5580913.0;5.32237339;windows;16;ssd nvme;32.03044690705085
0.1701619625;7.0;pandas;5580913.0;5.32237339;windows;16;ssd nvme;31.27827930404834
0.16917133329999998;8.0;pandas;5580913.0;5.32237339;windows;16;ssd nvme;31.461437858159865
0.1881551743;9.0;pandas;5580913.0;5.32237339;windows;16;ssd nvme;28.28714867821735
0.3673565388;0.0;pandas;11272914.0;10.75068855;windows;16;ssd nvme;29.264998481088693
0.364367485;1.0;pandas;11272914.0;10.75068855;windows;16;ssd nvme;29.505071096011765
0.33631992340000005;2.0;pandas;11272914.0;10.75068855;windows;16;ssd nvme;31.965660676051396
0.34132432939999996;3.0;pandas;11272914.0;10.75068855;windows;16;ssd nvme;31.496988711288743
0.3433110714;4.0;pandas;11272914.0;10.75068855;windows;16;ssd nvme;31.314715561485965
0.32029843329999996;5.0;pandas;11272914.0;10.75068855;windows;16;ssd nvme;33.56459923714526
0.3573327065;6.0;pandas;11272914.0;10.75068855;windows;16;ssd nvme;30.085934912873697
0.34733009340000004;7.0;pandas;11272914.0;10.75068855;windows;16;ssd nvme;30.952367083318208
0.3323025703;8.0;pandas;11272914.0;10.75068855;windows;16;ssd nvme;32.35210772006478
0.38535237310000003;9.0;pandas;11272914.0;10.75068855;windows;16;ssd nvme;27.89833228095929
0.6636183261999999;0.0;pandas;22659207.0;21.60950375;windows;16;ssd nvme;32.563150981287656
0.6736283301999999;1.0;pandas;22659207.0;21.60950375;windows;16;ssd nvme;32.07926801947915
0.6886799334999999;2.0;pandas;22659207.0;21.60950375;windows;16;ssd nvme;31.37815217030714
0.7036473751000001;3.0;pandas;22659207.0;21.60950375;windows;16;ssd nvme;30.71070043703201
0.7076888084;4.0;pandas;22659207.0;21.60950375;windows;16;ssd nvme;30.535319328924402
0.732665062;5.0;pandas;22659207.0;21.60950375;windows;16;ssd nvme;29.49438272791558
0.6746284962000001;6.0;pandas;22659207.0;21.60950375;windows;16;ssd nvme;32.03170911356471
0.6475887299;7.0;pandas;22659207.0;21.60950375;windows;16;ssd nvme;33.36917823343978
0.6826181412000001;8.0;pandas;22659207.0;21.60950375;windows;16;ssd nvme;31.656796744387485
0.6716194153;9.0;pandas;22659207.0;21.60950375;windows;16;ssd nvme;32.17522194522538
1.735594273;0.0;pandas;56802420.0;54.17100906;windows;16;ssd nvme;31.211792930363053
1.670516729;1.0;pandas;56802420.0;54.17100906;windows;16;ssd nvme;32.42769624487849
1.663550615;2.0;pandas;56802420.0;54.17100906;windows;16;ssd nvme;32.56348714102697
1.641474485;3.0;pandas;56802420.0;54.17100906;windows;16;ssd nvme;33.001432282390915
1.595459461;4.0;pandas;56802420.0;54.17100906;windows;16;ssd nvme;33.95323440311468
1.72200942;5.0;pandas;56802420.0;54.17100906;windows;16;ssd nvme;31.458021327200406
1.673528194;6.0;pandas;56802420.0;54.17100906;windows;16;ssd nvme;32.36934355466258
1.6825456619999999;7.0;pandas;56802420.0;54.17100906;windows;16;ssd nvme;32.195862664201506
1.657521486;8.0;pandas;56802420.0;54.17100906;windows;16;ssd nvme;32.681934754720885
1.688532591;9.0;pandas;56802420.0;54.17100906;windows;16;ssd nvme;32.081707719907435
3.2895016669999997;0.0;pandas;114707510.0;109.3936062;windows;16;ssd nvme;33.25537338905383
3.3460614680000003;1.0;pandas;114707510.0;109.3936062;windows;16;ssd nvme;32.693244653806815
3.338016033;2.0;pandas;114707510.0;109.3936062;windows;16;ssd nvme;32.77204336903195
3.303022623;3.0;pandas;114707510.0;109.3936062;windows;16;ssd nvme;33.11924218691614
3.310056925;4.0;pandas;114707510.0;109.3936062;windows;16;ssd nvme;33.048859484493605
3.357050896;5.0;pandas;114707510.0;109.3936062;windows;16;ssd nvme;32.58622213036593
3.3340444560000004;6.0;pandas;114707510.0;109.3936062;windows;16;ssd nvme;32.811082048751175
3.2999992369999998;7.0;pandas;114707510.0;109.3936062;windows;16;ssd nvme;33.149585300949575
3.400108576;8.0;pandas;114707510.0;109.3936062;windows;16;ssd nvme;32.17356262448955
3.3119933610000003;9.0;pandas;114707510.0;109.3936062;windows;16;ssd nvme;33.02953667967814
6.720429182;0.0;pandas;230530004.0;219.85054399999999;windows;16;ssd nvme;32.713765452487436
6.451903343;1.0;pandas;230530004.0;219.85054399999999;windows;16;ssd nvme;34.075300312508105
6.482932806;2.0;pandas;230530004.0;219.85054399999999;windows;16;ssd nvme;33.91220464239993
6.305747271;3.0;pandas;230530004.0;219.85054399999999;windows;16;ssd nvme;34.86510552224128
6.5199701789999995;4.0;pandas;230530004.0;219.85054399999999;windows;16;ssd nvme;33.719562814583234
6.48891449;5.0;pandas;230530004.0;219.85054399999999;windows;16;ssd nvme;33.880943313216626
6.693343163;6.0;pandas;230530004.0;219.85054399999999;windows;16;ssd nvme;32.846148575693455
6.658325434;7.0;pandas;230530004.0;219.85054399999999;windows;16;ssd nvme;33.01889434201542
6.657048225;8.0;pandas;230530004.0;219.85054399999999;windows;16;ssd nvme;33.02522928621266
6.598997355;9.0;pandas;230530004.0;219.85054399999999;windows;16;ssd nvme;33.315749677247744
16.33952427;0.0;pandas;577978068.0;551.2028389;windows;16;ssd nvme;33.7343260300442
16.64916301;1.0;pandas;577978068.0;551.2028389;windows;16;ssd nvme;33.106939884541376
16.33687639;2.0;pandas;577978068.0;551.2028389;windows;16;ssd nvme;33.7397936876965
16.56110525;3.0;pandas;577978068.0;551.2028389;windows;16;ssd nvme;33.28297420849976
16.55405235;4.0;pandas;577978068.0;551.2028389;windows;16;ssd nvme;33.29715451213974
16.66363978;5.0;pandas;577978068.0;551.2028389;windows;16;ssd nvme;33.07817776771456
16.43257809;6.0;pandas;577978068.0;551.2028389;windows;16;ssd nvme;33.54329648586505
16.21685457;7.0;pandas;577978068.0;551.2028389;windows;16;ssd nvme;33.9895037302539
16.46502995;8.0;pandas;577978068.0;551.2028389;windows;16;ssd nvme;33.477184103148254
16.377922299999998;9.0;pandas;577978068.0;551.2028389;windows;16;ssd nvme;33.65523592085915
32.89000154;0.0;pandas;1167076869.0;1113.011235;windows;16;ssd nvme;33.84041297919623
33.42709136;1.0;pandas;1167076869.0;1113.011235;windows;16;ssd nvme;33.29668211371413
33.12245369;2.0;pandas;1167076869.0;1113.011235;windows;16;ssd nvme;33.60292221756594
33.193285700000004;3.0;pandas;1167076869.0;1113.011235;windows;16;ssd nvme;33.53121607361695
33.3110342;4.0;pandas;1167076869.0;1113.011235;windows;16;ssd nvme;33.412689270391965
33.43427801;5.0;pandas;1167076869.0;1113.011235;windows;16;ssd nvme;33.28952503975425
33.0363276;6.0;pandas;1167076869.0;1113.011235;windows;16;ssd nvme;33.69052542631887
32.72587395;7.0;pandas;1167076869.0;1113.011235;windows;16;ssd nvme;34.01013023213701
33.02355337;8.0;pandas;1167076869.0;1113.011235;windows;16;ssd nvme;33.70355765564304
32.83791518;9.0;pandas;1167076869.0;1113.011235;windows;16;ssd nvme;33.89408946637032
66.79475522;0.0;pandas;2345261749.0;2236.615895;windows;16;ssd nvme;33.48490293337136
65.58441925;1.0;pandas;2345261749.0;2236.615895;windows;16;ssd nvme;34.10285431474641
66.95522118;2.0;pandas;2345261749.0;2236.615895;windows;16;ssd nvme;33.40465247642395
65.36686468;3.0;pandas;2345261749.0;2236.615895;windows;16;ssd nvme;34.216355732361244
65.84646106;4.0;pandas;2345261749.0;2236.615895;windows;16;ssd nvme;33.96713899266312
66.55847716;5.0;pandas;2345261749.0;2236.615895;windows;16;ssd nvme;33.603772057816116
65.80652547;6.0;pandas;2345261749.0;2236.615895;windows;16;ssd nvme;33.98775241552044
65.10379624;7.0;pandas;2345261749.0;2236.615895;windows;16;ssd nvme;34.35461561649788
65.58741021;8.0;pandas;2345261749.0;2236.615895;windows;16;ssd nvme;34.10129913406745
66.06250429;9.0;pandas;2345261749.0;2236.615895;windows;16;ssd nvme;33.856056760757106
139.7604232;0.0;pandas;4701612904.0;4483.8074719999995;windows;16;ssd nvme;32.08209712976885
145.2484357;1.0;pandas;4701612904.0;4483.8074719999995;windows;16;ssd nvme;30.869919186331035
134.0146632;2.0;pandas;4701612904.0;4483.8074719999995;windows;16;ssd nvme;33.45758863198784
129.6109331;3.0;pandas;4701612904.0;4483.8074719999995;windows;16;ssd nvme;34.59436148446338
131.17759679999998;4.0;pandas;4701612904.0;4483.8074719999995;windows;16;ssd nvme;34.18119847733024
132.97833400000002;5.0;pandas;4701612904.0;4483.8074719999995;windows;16;ssd nvme;33.71833092750281
134.5313299;6.0;pandas;4701612904.0;4483.8074719999995;windows;16;ssd nvme;33.329094979830415
136.41537309999998;7.0;pandas;4701612904.0;4483.8074719999995;windows;16;ssd nvme;32.86878428806643
134.567107;8.0;pandas;4701612904.0;4483.8074719999995;windows;16;ssd nvme;33.32023383693609
132.5430477;9.0;pandas;4701612904.0;4483.8074719999995;windows;16;ssd nvme;33.8290657247351
571.1682351;0.0;pandas;9474298117.0;9035.39478;windows;16;ssd nvme;15.81914788804403
568.0996881;1.0;pandas;9474298117.0;9035.39478;windows;16;ssd nvme;15.90459380503927
555.0996504;2.0;pandas;9474298117.0;9035.39478;windows;16;ssd nvme;16.277068042628336
577.1632631;3.0;pandas;9474298117.0;9035.39478;windows;16;ssd nvme;15.654833489349299
578.5332022000001;4.0;pandas;9474298117.0;9035.39478;windows;16;ssd nvme;15.617763588400663
629.8435910000001;5.0;pandas;9474298117.0;9035.39478;windows;16;ssd nvme;14.345457998000015
663.2182522;6.0;pandas;9474298117.0;9035.39478;windows;16;ssd nvme;13.623561700885288
